kotlin version: 2.4.10
error message: java.lang.RuntimeException: Exception while generating code for:
FUN name:AddItemRoute visibility:public modality:FINAL returnType:kotlin.Unit
  VALUE_PARAMETER kind:Regular name:imageUri index:0 type:android.net.Uri?
  VALUE_PARAMETER kind:Regular name:viewModel index:1 type:com.metes.worthit.feature.add_item.AddItemViewModel
  VALUE_PARAMETER kind:Regular name:onNavigateToItems index:2 type:kotlin.Function0<kotlin.Unit>
  VALUE_PARAMETER kind:Regular name:onBackClick index:3 type:kotlin.Function0<kotlin.Unit>
  VALUE_PARAMETER kind:Regular name:modifier index:4 type:androidx.compose.ui.Modifier
    EXPRESSION_BODY
      ERROR_EXPR 'Default Stub' type=androidx.compose.ui.Modifier
  annotations:
    Composable
  BLOCK_BODY
    VAR name:context type:android.content.Context [val]
      CALL 'public final fun <get-current> (): T of androidx.compose.runtime.CompositionLocal [inline] declared in androidx.compose.runtime.CompositionLocal' type=android.content.Context origin=GET_PROPERTY
        ARG <this>: TYPE_OP type=androidx.compose.runtime.CompositionLocal<T of androidx.compose.runtime.CompositionLocal> origin=IMPLICIT_CAST typeOperand=androidx.compose.runtime.CompositionLocal<T of androidx.compose.runtime.CompositionLocal>
          CALL 'public final fun <get-LocalContext> (): androidx.compose.runtime.ProvidableCompositionLocal<android.content.Context> declared in androidx.compose.ui.platform.AndroidCompositionLocals_androidKt' type=androidx.compose.runtime.ProvidableCompositionLocal<android.content.Context> origin=GET_PROPERTY
    VAR PROPERTY_DELEGATE name:uiState$delegate type:androidx.compose.runtime.State<com.metes.worthit.feature.add_item.AddItemUiState> [val]
      TYPE_OP type=androidx.compose.runtime.State<com.metes.worthit.feature.add_item.AddItemUiState> origin=IMPLICIT_CAST typeOperand=androidx.compose.runtime.State<com.metes.worthit.feature.add_item.AddItemUiState>
        CALL 'public final fun collectAsStateWithLifecycle$default <T> (<this>: kotlinx.coroutines.flow.StateFlow<T of androidx.lifecycle.compose.FlowExtKt.collectAsStateWithLifecycle$default>, lifecycleOwner: androidx.lifecycle.LifecycleOwner?, minActiveState: androidx.lifecycle.Lifecycle.State?, context: kotlin.coroutines.CoroutineContext?, $mask0: kotlin.Int, $handler: kotlin.Any?): androidx.compose.runtime.State<T of androidx.lifecycle.compose.FlowExtKt.collectAsStateWithLifecycle$default> declared in androidx.lifecycle.compose.FlowExtKt' type=androidx.compose.runtime.State<T of androidx.lifecycle.compose.FlowExtKt.collectAsStateWithLifecycle$default> origin=DEFAULT_DISPATCH_CALL
          TYPE_ARG T: com.metes.worthit.feature.add_item.AddItemUiState
          ARG <this>: CALL 'public final fun <get-uiState> (): kotlinx.coroutines.flow.StateFlow<com.metes.worthit.feature.add_item.AddItemUiState> declared in com.metes.worthit.feature.add_item.AddItemViewModel' type=kotlinx.coroutines.flow.StateFlow<com.metes.worthit.feature.add_item.AddItemUiState> origin=GET_PROPERTY
            ARG <this>: GET_VAR 'viewModel: com.metes.worthit.feature.add_item.AddItemViewModel declared in com.metes.worthit.feature.add_item.AddItemScreenKt.AddItemRoute' type=com.metes.worthit.feature.add_item.AddItemViewModel origin=null
          ARG lifecycleOwner: COMPOSITE type=androidx.lifecycle.LifecycleOwner? origin=DEFAULT_VALUE
            CONST Null type=androidx.lifecycle.LifecycleOwner? value=null
          ARG minActiveState: COMPOSITE type=androidx.lifecycle.Lifecycle.State? origin=DEFAULT_VALUE
            CONST Null type=androidx.lifecycle.Lifecycle.State? value=null
          ARG context: COMPOSITE type=kotlin.coroutines.CoroutineContext? origin=DEFAULT_VALUE
            CONST Null type=kotlin.coroutines.CoroutineContext? value=null
          ARG $mask0: CONST Int type=kotlin.Int value=7
          ARG $handler: CONST Null type=kotlin.Any? value=null
    VAR name:photoPicker type:androidx.activity.compose.ManagedActivityResultLauncher<androidx.activity.result.PickVisualMediaRequest, android.net.Uri?> [val]
      CALL 'public final fun rememberLauncherForActivityResult <I, O> (contract: androidx.activity.result.contract.ActivityResultContract<I of androidx.activity.compose.ActivityResultRegistryKt.rememberLauncherForActivityResult, O of androidx.activity.compose.ActivityResultRegistryKt.rememberLauncherForActivityResult>, onResult: kotlin.Function1<O of androidx.activity.compose.ActivityResultRegistryKt.rememberLauncherForActivityResult, kotlin.Unit>): androidx.activity.compose.ManagedActivityResultLauncher<I of androidx.activity.compose.ActivityResultRegistryKt.rememberLauncherForActivityResult, O of androidx.activity.compose.ActivityResultRegistryKt.rememberLauncherForActivityResult> declared in androidx.activity.compose.ActivityResultRegistryKt' type=androidx.activity.compose.ManagedActivityResultLauncher<androidx.activity.result.PickVisualMediaRequest, android.net.Uri?> origin=null
        TYPE_ARG I: androidx.activity.result.PickVisualMediaRequest
        TYPE_ARG O: android.net.Uri?
        ARG contract: CONSTRUCTOR_CALL 'public constructor <init> () [primary] declared in androidx.activity.result.contract.ActivityResultContracts.PickVisualMedia' type=androidx.activity.result.contract.ActivityResultContracts.PickVisualMedia origin=null
        ARG onResult: CALL 'public final fun <jvm-indy> <T> (dynamicCall: T of kotlin.jvm.internal.<jvm-indy>, bootstrapMethodHandle: kotlin.Any, vararg bootstrapMethodArguments: kotlin.Any): T of kotlin.jvm.internal.<jvm-indy> declared in kotlin.jvm.internal' type=kotlin.Function1<android.net.Uri?, kotlin.Unit> origin=null
          TYPE_ARG T: kotlin.Function1<android.net.Uri?, kotlin.Unit>
          ARG dynamicCall: CALL 'public final fun invoke (p0: com.metes.worthit.feature.add_item.AddItemViewModel): kotlin.Function1<android.net.Uri?, kotlin.Unit> declared in kotlin.jvm.internal.invokeDynamic' type=kotlin.Function1<android.net.Uri?, kotlin.Unit> origin=null
            ARG p0: GET_VAR 'viewModel: com.metes.worthit.feature.add_item.AddItemViewModel declared in com.metes.worthit.feature.add_item.AddItemScreenKt.AddItemRoute' type=com.metes.worthit.feature.add_item.AddItemViewModel origin=null
          ARG bootstrapMethodHandle: CALL 'public final fun <jvm-method-handle> (tag: kotlin.Int, owner: kotlin.String, name: kotlin.String, descriptor: kotlin.String, isInterface: kotlin.Boolean): kotlin.Any declared in kotlin.jvm.internal' type=kotlin.Any origin=null
            ARG tag: CONST Int type=kotlin.Int value=6
            ARG owner: CONST String type=kotlin.String value="java/lang/invoke/LambdaMetafactory"
            ARG name: CONST String type=kotlin.String value="metafactory"
            ARG descriptor: CONST String type=kotlin.String value="(Ljava/lang/invoke/MethodHandles$Lookup;Ljava/lang/String;Ljava/lang/invoke/MethodType;Ljava/lang/invoke/MethodType;Ljava/lang/invoke/MethodHandle;Ljava/lang/invoke/MethodType;)Ljava/lang/invoke/CallSite;"
            ARG isInterface: CONST Boolean type=kotlin.Boolean value=false
          ARG bootstrapMethodArguments: VARARG type=kotlin.Array<kotlin.Any> varargElementType=kotlin.Any
            CALL 'public final fun <jvm-original-method-type> (method: kotlin.Any): kotlin.Any declared in kotlin.jvm.internal' type=kotlin.Any origin=null
              ARG method: RAW_FUNCTION_REFERENCE 'public abstract fun invoke (p1: P1 of kotlin.Function1): R of kotlin.Function1 [operator] declared in kotlin.Function1' type=kotlin.Any
            RAW_FUNCTION_REFERENCE 'private final fun AddItemRoute$lambda$1 ($viewModel: com.metes.worthit.feature.add_item.AddItemViewModel, uri: android.net.Uri?): kotlin.Unit? declared in com.metes.worthit.feature.add_item.AddItemScreenKt' type=kotlin.Any
            CALL 'public final fun <jvm-original-method-type> (method: kotlin.Any): kotlin.Any declared in kotlin.jvm.internal' type=kotlin.Any origin=null
              ARG method: RAW_FUNCTION_REFERENCE 'public abstract fun invoke (p1: android.net.Uri?): kotlin.Unit? [fake_override,operator] declared in kotlin.jvm.internal.invokeDynamic.<fake>' type=kotlin.Any
    VAR name:snackbarHostState type:androidx.compose.material3.SnackbarHostState [val]
      CALL 'public final fun remember <T> (calculation: @[DisallowComposableCalls] kotlin.Function0<T of androidx.compose.runtime.ComposablesKt.remember>): T of androidx.compose.runtime.ComposablesKt.remember [inline] declared in androidx.compose.runtime.ComposablesKt' type=androidx.compose.material3.SnackbarHostState origin=null
        TYPE_ARG T: androidx.compose.material3.SnackbarHostState
        ARG calculation: RICH_FUNCTION_REFERENCE type=kotlin.Function0<androidx.compose.material3.SnackbarHostState> origin=INLINE_LAMBDA reflectionTarget='null'
          overriddenFunctionSymbol: public abstract fun invoke (): R of kotlin.Function0 [operator] declared in kotlin.Function0
          invoke: FUN INLINE_LAMBDA name:AddItemRoute$lambda$2 visibility:private modality:FINAL returnType:androidx.compose.material3.SnackbarHostState
            BLOCK_BODY
              VAR name:$i$a$-remember-AddItemScreenKt$AddItemRoute$snackbarHostState$1 type:kotlin.Int [val]
                CONST Int type=kotlin.Int value=0
              RETURN type=kotlin.Nothing from='private final fun AddItemRoute$lambda$2 (): androidx.compose.material3.SnackbarHostState declared in com.metes.worthit.feature.add_item.AddItemScreenKt.AddItemRoute'
                CONSTRUCTOR_CALL 'public constructor <init> () [primary] declared in androidx.compose.material3.SnackbarHostState' type=androidx.compose.material3.SnackbarHostState origin=null
    CALL 'public final fun LaunchedEffect (key1: kotlin.Any?, block: @[ExtensionFunctionType] kotlin.coroutines.SuspendFunction1<kotlinx.coroutines.CoroutineScope, kotlin.Unit>): kotlin.Unit declared in androidx.compose.runtime.EffectsKt' type=kotlin.Unit origin=null
      ARG key1: GET_FIELD 'FIELD FIELD_FOR_OBJECT_INSTANCE name:INSTANCE type:kotlin.Unit visibility:public [final,static] declared in kotlin.Unit' type=kotlin.Unit origin=null
      ARG block: BLOCK type=com.metes.worthit.feature.add_item.AddItemScreenKt.AddItemRoute.<no name provided> origin=null
        CLASS SUSPEND_LAMBDA CLASS name:<no name provided> modality:FINAL visibility:public/*package*/ superTypes:[kotlin.coroutines.jvm.internal.SuspendLambda; kotlin.jvm.functions.Function2<kotlinx.coroutines.CoroutineScope, kotlin.coroutines.Continuation<kotlin.Unit>?, kotlin.Any?>]
          thisReceiver: VALUE_PARAMETER INSTANCE_RECEIVER kind:DispatchReceiver name:<this> type:com.metes.worthit.feature.add_item.AddItemScreenKt.AddItemRoute.<no name provided>
          FIELD name:label type:kotlin.Int visibility:public/*package*/
          FIELD FIELD_FOR_CAPTURED_VALUE name:L$0 type:kotlin.Any? visibility:private
          CONSTRUCTOR SUSPEND_LAMBDA visibility:public/*package*/ returnType:com.metes.worthit.feature.add_item.AddItemScreenKt.AddItemRoute.<no name provided> [primary]
            VALUE_PARAMETER BOUND_VALUE_PARAMETER kind:Regular name:$viewModel index:0 type:com.metes.worthit.feature.add_item.AddItemViewModel
            VALUE_PARAMETER BOUND_VALUE_PARAMETER kind:Regular name:$onNavigateToItems index:1 type:kotlin.Function0<kotlin.Unit>
            VALUE_PARAMETER BOUND_VALUE_PARAMETER kind:Regular name:$snackbarHostState index:2 type:androidx.compose.material3.SnackbarHostState
            VALUE_PARAMETER BOUND_VALUE_PARAMETER kind:Regular name:$context index:3 type:android.content.Context
            VALUE_PARAMETER kind:Regular name:$completion index:4 type:kotlin.coroutines.Continuation<com.metes.worthit.feature.add_item.AddItemScreenKt.AddItemRoute.<no name provided>>?
            BLOCK_BODY
              SET_FIELD 'FIELD FIELD_FOR_CAPTURED_VALUE name:$viewModel type:com.metes.worthit.feature.add_item.AddItemViewModel visibility:public/*package*/ [final] declared in com.metes.worthit.feature.add_item.AddItemScreenKt.AddItemRoute.<no name provided>' type=kotlin.Unit origin=INITIALIZER_OF_FIELD_FOR_CAPTURED_VALUE
                receiver: GET_VAR '<this>: com.metes.worthit.feature.add_item.AddItemScreenKt.AddItemRoute.<no name provided> declared in com.metes.worthit.feature.add_item.AddItemScreenKt.AddItemRoute.<no name provided>' type=com.metes.worthit.feature.add_item.AddItemScreenKt.AddItemRoute.<no name provided> origin=null
                value: GET_VAR '$viewModel: com.metes.worthit.feature.add_item.AddItemViewModel declared in com.metes.worthit.feature.add_item.AddItemScreenKt.AddItemRoute.<no name provided>.<init>' type=com.metes.worthit.feature.add_item.AddItemViewModel origin=null
              SET_FIELD 'FIELD FIELD_FOR_CAPTURED_VALUE name:$onNavigateToItems type:kotlin.Function0<kotlin.Unit> visibility:public/*package*/ [final] declared in com.metes.worthit.feature.add_item.AddItemScreenKt.AddItemRoute.<no name provided>' type=kotlin.Unit origin=INITIALIZER_OF_FIELD_FOR_CAPTURED_VALUE
                receiver: GET_VAR '<this>: com.metes.worthit.feature.add_item.AddItemScreenKt.AddItemRoute.<no name provided> declared in com.metes.worthit.feature.add_item.AddItemScreenKt.AddItemRoute.<no name provided>' type=com.metes.worthit.feature.add_item.AddItemScreenKt.AddItemRoute.<no name provided> origin=null
                value: GET_VAR '$onNavigateToItems: kotlin.Function0<kotlin.Unit> declared in com.metes.worthit.feature.add_item.AddItemScreenKt.AddItemRoute.<no name provided>.<init>' type=kotlin.Function0<kotlin.Unit> origin=null
              SET_FIELD 'FIELD FIELD_FOR_CAPTURED_VALUE name:$snackbarHostState type:androidx.compose.material3.SnackbarHostState visibility:public/*package*/ [final] declared in com.metes.worthit.feature.add_item.AddItemScreenKt.AddItemRoute.<no name provided>' type=kotlin.Unit origin=INITIALIZER_OF_FIELD_FOR_CAPTURED_VALUE
                receiver: GET_VAR '<this>: com.metes.worthit.feature.add_item.AddItemScreenKt.AddItemRoute.<no name provided> declared in com.metes.worthit.feature.add_item.AddItemScreenKt.AddItemRoute.<no name provided>' type=com.metes.worthit.feature.add_item.AddItemScreenKt.AddItemRoute.<no name provided> origin=null
                value: GET_VAR '$snackbarHostState: androidx.compose.material3.SnackbarHostState declared in com.metes.worthit.feature.add_item.AddItemScreenKt.AddItemRoute.<no name provided>.<init>' type=androidx.compose.material3.SnackbarHostState origin=null
              SET_FIELD 'FIELD FIELD_FOR_CAPTURED_VALUE name:$context type:android.content.Context visibility:public/*package*/ [final] declared in com.metes.worthit.feature.add_item.AddItemScreenKt.AddItemRoute.<no name provided>' type=kotlin.Unit origin=INITIALIZER_OF_FIELD_FOR_CAPTURED_VALUE
                receiver: GET_VAR '<this>: com.metes.worthit.feature.add_item.AddItemScreenKt.AddItemRoute.<no name provided> declared in com.metes.worthit.feature.add_item.AddItemScreenKt.AddItemRoute.<no name provided>' type=com.metes.worthit.feature.add_item.AddItemScreenKt.AddItemRoute.<no name provided> origin=null
                value: GET_VAR '$context: android.content.Context declared in com.metes.worthit.feature.add_item.AddItemScreenKt.AddItemRoute.<no name provided>.<init>' type=android.content.Context origin=null
              DELEGATING_CONSTRUCTOR_CALL 'public constructor <init> (arity: kotlin.Int, $completion: kotlin.coroutines.Continuation<kotlin.Any?>?) declared in kotlin.coroutines.jvm.internal.SuspendLambda'
                ARG arity: CONST Int type=kotlin.Int value=2
                ARG $completion: GET_VAR '$completion: kotlin.coroutines.Continuation<com.metes.worthit.feature.add_item.AddItemScreenKt.AddItemRoute.<no name provided>>? declared in com.metes.worthit.feature.add_item.AddItemScreenKt.AddItemRoute.<no name provided>.<init>' type=kotlin.coroutines.Continuation<com.metes.worthit.feature.add_item.AddItemScreenKt.AddItemRoute.<no name provided>>? origin=null
              BLOCK type=kotlin.Unit origin=null
          FUN name:invokeSuspend visibility:public modality:FINAL returnType:kotlin.Any?
            VALUE_PARAMETER INSTANCE_RECEIVER kind:DispatchReceiver name:<this> index:0 type:com.metes.worthit.feature.add_item.AddItemScreenKt.AddItemRoute.<no name provided>
            VALUE_PARAMETER kind:Regular name:$result index:1 type:kotlin.Result<kotlin.Any?>
            overridden:
              protected abstract fun invokeSuspend ($result: kotlin.Result<kotlin.Any?>): kotlin.Any? declared in kotlin.coroutines.jvm.internal.SuspendLambda
            BLOCK_BODY
              VAR SUSPEND_LAMBDA_PARAMETER name:$this$LaunchedEffect type:kotlinx.coroutines.CoroutineScope [val]
                BLOCK type=kotlinx.coroutines.CoroutineScope origin=null
                  GET_FIELD 'FIELD FIELD_FOR_CAPTURED_VALUE name:L$0 type:kotlin.Any? visibility:private declared in com.metes.worthit.feature.add_item.AddItemScreenKt.AddItemRoute.<no name provided>' type=kotlinx.coroutines.CoroutineScope origin=null
                    receiver: GET_VAR '<this>: com.metes.worthit.feature.add_item.AddItemScreenKt.AddItemRoute.<no name provided> declared in com.metes.worthit.feature.add_item.AddItemScreenKt.AddItemRoute.<no name provided>.invokeSuspend' type=com.metes.worthit.feature.add_item.AddItemScreenKt.AddItemRoute.<no name provided> origin=null
              CALL 'public abstract fun collect (collector: kotlinx.coroutines.flow.FlowCollector<T of kotlinx.coroutines.flow.Flow>, $completion: kotlin.coroutines.Continuation<kotlin.Unit>): kotlin.Any? [suspend] declared in kotlinx.coroutines.flow.Flow' type=kotlin.Unit origin=null
                ARG <this>: CALL 'public final fun <get-events> (): kotlinx.coroutines.flow.Flow<com.metes.worthit.feature.add_item.AddItemEvent> declared in com.metes.worthit.feature.add_item.AddItemViewModel' type=kotlinx.coroutines.flow.Flow<com.metes.worthit.feature.add_item.AddItemEvent> origin=GET_PROPERTY
                  ARG <this>: GET_FIELD 'FIELD FIELD_FOR_CAPTURED_VALUE name:$viewModel type:com.metes.worthit.feature.add_item.AddItemViewModel visibility:public/*package*/ [final] declared in com.metes.worthit.feature.add_item.AddItemScreenKt.AddItemRoute.<no name provided>' type=com.metes.worthit.feature.add_item.AddItemViewModel origin=null
                    receiver: GET_VAR '<this>: com.metes.worthit.feature.add_item.AddItemScreenKt.AddItemRoute.<no name provided> declared in com.metes.worthit.feature.add_item.AddItemScreenKt.AddItemRoute.<no name provided>.invokeSuspend' type=com.metes.worthit.feature.add_item.AddItemScreenKt.AddItemRoute.<no name provided> origin=null
                ARG collector: BLOCK type=com.metes.worthit.feature.add_item.AddItemScreenKt.AddItemRoute.<no name provided>.invokeSuspend.<no name provided><T of com.metes.worthit.feature.add_item.AddItemScreenKt.AddItemRoute.<no name provided>.invokeSuspend.<no name provided>> origin=null
                  CLASS LAMBDA_IMPL CLASS name:<no name provided> modality:FINAL visibility:public/*package*/ superTypes:[@[RawType] kotlinx.coroutines.flow.FlowCollector<T of kotlinx.coroutines.flow.FlowCollector>]
                    thisReceiver: VALUE_PARAMETER INSTANCE_RECEIVER kind:DispatchReceiver name:<this> type:com.metes.worthit.feature.add_item.AddItemScreenKt.AddItemRoute.<no name provided>.invokeSuspend.<no name provided><T of com.metes.worthit.feature.add_item.AddItemScreenKt.AddItemRoute.<no name provided>.invokeSuspend.<no name provided>>
                    TYPE_PARAMETER name:T index:0 variance:in superTypes:[kotlin.Any?] reified:false
                    CONSTRUCTOR GENERATED_MEMBER_IN_CALLABLE_REFERENCE visibility:public/*package*/ returnType:com.metes.worthit.feature.add_item.AddItemScreenKt.AddItemRoute.<no name provided>.invokeSuspend.<no name provided><T of com.metes.worthit.feature.add_item.AddItemScreenKt.AddItemRoute.<no name provided>.invokeSuspend.<no name provided>> [primary]
                      VALUE_PARAMETER BOUND_VALUE_PARAMETER kind:Regular name:$onNavigateToItems index:0 type:kotlin.Function0<kotlin.Unit>
                      VALUE_PARAMETER BOUND_VALUE_PARAMETER kind:Regular name:$$this$LaunchedEffect index:1 type:kotlinx.coroutines.CoroutineScope
                      VALUE_PARAMETER BOUND_VALUE_PARAMETER kind:Regular name:$snackbarHostState index:2 type:androidx.compose.material3.SnackbarHostState
                      VALUE_PARAMETER BOUND_VALUE_PARAMETER kind:Regular name:$context index:3 type:android.content.Context
                      BLOCK_BODY
                        SET_FIELD 'FIELD FIELD_FOR_CAPTURED_VALUE name:$onNavigateToItems type:kotlin.Function0<kotlin.Unit> visibility:public/*package*/ [final] declared in com.metes.worthit.feature.add_item.AddItemScreenKt.AddItemRoute.<no name provided>.invokeSuspend.<no name provided>' type=kotlin.Unit origin=INITIALIZER_OF_FIELD_FOR_CAPTURED_VALUE
                          receiver: GET_VAR '<this>: com.metes.worthit.feature.add_item.AddItemScreenKt.AddItemRoute.<no name provided>.invokeSuspend.<no name provided><T of com.metes.worthit.feature.add_item.AddItemScreenKt.AddItemRoute.<no name provided>.invokeSuspend.<no name provided>> declared in com.metes.worthit.feature.add_item.AddItemScreenKt.AddItemRoute.<no name provided>.invokeSuspend.<no name provided>' type=com.metes.worthit.feature.add_item.AddItemScreenKt.AddItemRoute.<no name provided>.invokeSuspend.<no name provided><T of com.metes.worthit.feature.add_item.AddItemScreenKt.AddItemRoute.<no name provided>.invokeSuspend.<no name provided>> origin=null
                          value: GET_VAR '$onNavigateToItems: kotlin.Function0<kotlin.Unit> declared in com.metes.worthit.feature.add_item.AddItemScreenKt.AddItemRoute.<no name provided>.invokeSuspend.<no name provided>.<init>' type=kotlin.Function0<kotlin.Unit> origin=null
                        SET_FIELD 'FIELD FIELD_FOR_CAPTURED_VALUE name:$$this$LaunchedEffect type:kotlinx.coroutines.CoroutineScope visibility:public/*package*/ [final] declared in com.metes.worthit.feature.add_item.AddItemScreenKt.AddItemRoute.<no name provided>.invokeSuspend.<no name provided>' type=kotlin.Unit origin=INITIALIZER_OF_FIELD_FOR_CAPTURED_VALUE
                          receiver: GET_VAR '<this>: com.metes.worthit.feature.add_item.AddItemScreenKt.AddItemRoute.<no name provided>.invokeSuspend.<no name provided><T of com.metes.worthit.feature.add_item.AddItemScreenKt.AddItemRoute.<no name provided>.invokeSuspend.<no name provided>> declared in com.metes.worthit.feature.add_item.AddItemScreenKt.AddItemRoute.<no name provided>.invokeSuspend.<no name provided>' type=com.metes.worthit.feature.add_item.AddItemScreenKt.AddItemRoute.<no name provided>.invokeSuspend.<no name provided><T of com.metes.worthit.feature.add_item.AddItemScreenKt.AddItemRoute.<no name provided>.invokeSuspend.<no name provided>> origin=null
                          value: GET_VAR '$$this$LaunchedEffect: kotlinx.coroutines.CoroutineScope declared in com.metes.worthit.feature.add_item.AddItemScreenKt.AddItemRoute.<no name provided>.invokeSuspend.<no name provided>.<init>' type=kotlinx.coroutines.CoroutineScope origin=null
                        SET_FIELD 'FIELD FIELD_FOR_CAPTURED_VALUE name:$snackbarHostState type:androidx.compose.material3.SnackbarHostState visibility:public/*package*/ [final] declared in com.metes.worthit.feature.add_item.AddItemScreenKt.AddItemRoute.<no name provided>.invokeSuspend.<no name provided>' type=kotlin.Unit origin=INITIALIZER_OF_FIELD_FOR_CAPTURED_VALUE
                          receiver: GET_VAR '<this>: com.metes.worthit.feature.add_item.AddItemScreenKt.AddItemRoute.<no name provided>.invokeSuspend.<no name provided><T of com.metes.worthit.feature.add_item.AddItemScreenKt.AddItemRoute.<no name provided>.invokeSuspend.<no name provided>> declared in com.metes.worthit.feature.add_item.AddItemScreenKt.AddItemRoute.<no name provided>.invokeSuspend.<no name provided>' type=com.metes.worthit.feature.add_item.AddItemScreenKt.AddItemRoute.<no name provided>.invokeSuspend.<no name provided><T of com.metes.worthit.feature.add_item.AddItemScreenKt.AddItemRoute.<no name provided>.invokeSuspend.<no name provided>> origin=null
                          value: GET_VAR '$snackbarHostState: androidx.compose.material3.SnackbarHostState declared in com.metes.worthit.feature.add_item.AddItemScreenKt.AddItemRoute.<no name provided>.invokeSuspend.<no name provided>.<init>' type=androidx.compose.material3.SnackbarHostState origin=null
                        SET_FIELD 'FIELD FIELD_FOR_CAPTURED_VALUE name:$context type:android.content.Context visibility:public/*package*/ [final] declared in com.metes.worthit.feature.add_item.AddItemScreenKt.AddItemRoute.<no name provided>.invokeSuspend.<no name provided>' type=kotlin.Unit origin=INITIALIZER_OF_FIELD_FOR_CAPTURED_VALUE
                          receiver: GET_VAR '<this>: com.metes.worthit.feature.add_item.AddItemScreenKt.AddItemRoute.<no name provided>.invokeSuspend.<no name provided><T of com.metes.worthit.feature.add_item.AddItemScreenKt.AddItemRoute.<no name provided>.invokeSuspend.<no name provided>> declared in com.metes.worthit.feature.add_item.AddItemScreenKt.AddItemRoute.<no name provided>.invokeSuspend.<no name provided>' type=com.metes.worthit.feature.add_item.AddItemScreenKt.AddItemRoute.<no name provided>.invokeSuspend.<no name provided><T of com.metes.worthit.feature.add_item.AddItemScreenKt.AddItemRoute.<no name provided>.invokeSuspend.<no name provided>> origin=null
                          value: GET_VAR '$context: android.content.Context declared in com.metes.worthit.feature.add_item.AddItemScreenKt.AddItemRoute.<no name provided>.invokeSuspend.<no name provided>.<init>' type=android.content.Context origin=null
                        DELEGATING_CONSTRUCTOR_CALL 'public constructor <init> () [primary] declared in kotlin.Any'
                        BLOCK type=kotlin.Unit origin=null
                    FUN name:emit visibility:public modality:FINAL returnType:kotlin.Any? [suspend]
                      VALUE_PARAMETER LAMBDA_IMPL kind:DispatchReceiver name:<this> index:0 type:com.metes.worthit.feature.add_item.AddItemScreenKt.AddItemRoute.<no name provided>.invokeSuspend.<no name provided><T of com.metes.worthit.feature.add_item.AddItemScreenKt.AddItemRoute.<no name provided>.invokeSuspend.<no name provided>>
                      VALUE_PARAMETER kind:Regular name:event index:1 type:com.metes.worthit.feature.add_item.AddItemEvent
                      VALUE_PARAMETER CONTINUATION_CLASS kind:Regular name:$completion index:2 type:kotlin.coroutines.Continuation<kotlin.Unit>
                      overridden:
                        public abstract fun emit (value: T of kotlinx.coroutines.flow.FlowCollector, $completion: kotlin.coroutines.Continuation<kotlin.Unit>): kotlin.Any? [suspend] declared in kotlinx.coroutines.flow.FlowCollector
                      BLOCK_BODY
                        CLASS CONTINUATION_CLASS CLASS name:<Continuation> modality:FINAL visibility:public/*package*/ superTypes:[kotlin.coroutines.jvm.internal.ContinuationImpl]
                          thisReceiver: VALUE_PARAMETER INSTANCE_RECEIVER kind:DispatchReceiver name:<this> type:com.metes.worthit.feature.add_item.AddItemScreenKt.AddItemRoute.<no name provided>.invokeSuspend.<no name provided>.emit.<Continuation>
                          FIELD CONTINUATION_CLASS_RESULT_FIELD name:result type:kotlin.Result<kotlin.Any?> visibility:public/*package*/
                          FIELD FIELD_FOR_OUTER_THIS name:this$0 type:com.metes.worthit.feature.add_item.AddItemScreenKt.AddItemRoute.<no name provided>.invokeSuspend.<no name provided><T of com.metes.worthit.feature.add_item.AddItemScreenKt.AddItemRoute.<no name provided>.invokeSuspend.<no name provided>> visibility:public/*package*/ [final]
                          FIELD name:label type:kotlin.Int visibility:public/*package*/
                          CONSTRUCTOR visibility:public/*package*/ returnType:com.metes.worthit.feature.add_item.AddItemScreenKt.AddItemRoute.<no name provided>.invokeSuspend.<no name provided>.emit.<Continuation> [primary]
                            VALUE_PARAMETER kind:Regular name:this$0 index:0 type:com.metes.worthit.feature.add_item.AddItemScreenKt.AddItemRoute.<no name provided>.invokeSuspend.<no name provided><T of com.metes.worthit.feature.add_item.AddItemScreenKt.AddItemRoute.<no name provided>.invokeSuspend.<no name provided>>
                            VALUE_PARAMETER kind:Regular name:$completion index:1 type:kotlin.coroutines.Continuation<com.metes.worthit.feature.add_item.AddItemScreenKt.AddItemRoute.<no name provided>.invokeSuspend.<no name provided>.emit.<Continuation>>?
                            BLOCK_BODY
                              SET_FIELD 'FIELD FIELD_FOR_OUTER_THIS name:this$0 type:com.metes.worthit.feature.add_item.AddItemScreenKt.AddItemRoute.<no name provided>.invokeSuspend.<no name provided><T of com.metes.worthit.feature.add_item.AddItemScreenKt.AddItemRoute.<no name provided>.invokeSuspend.<no name provided>> visibility:public/*package*/ [final] declared in com.metes.worthit.feature.add_item.AddItemScreenKt.AddItemRoute.<no name provided>.invokeSuspend.<no name provided>.emit.<Continuation>' type=kotlin.Unit origin=null
                                receiver: GET_VAR '<this>: com.metes.worthit.feature.add_item.AddItemScreenKt.AddItemRoute.<no name provided>.invokeSuspend.<no name provided>.emit.<Continuation> declared in com.metes.worthit.feature.add_item.AddItemScreenKt.AddItemRoute.<no name provided>.invokeSuspend.<no name provided>.emit.<Continuation>' type=com.metes.worthit.feature.add_item.AddItemScreenKt.AddItemRoute.<no name provided>.invokeSuspend.<no name provided>.emit.<Continuation> origin=null
                                value: GET_VAR 'this$0: com.metes.worthit.feature.add_item.AddItemScreenKt.AddItemRoute.<no name provided>.invokeSuspend.<no name provided><T of com.metes.worthit.feature.add_item.AddItemScreenKt.AddItemRoute.<no name provided>.invokeSuspend.<no name provided>> declared in com.metes.worthit.feature.add_item.AddItemScreenKt.AddItemRoute.<no name provided>.invokeSuspend.<no name provided>.emit.<Continuation>.<init>' type=com.metes.worthit.feature.add_item.AddItemScreenKt.AddItemRoute.<no name provided>.invokeSuspend.<no name provided><T of com.metes.worthit.feature.add_item.AddItemScreenKt.AddItemRoute.<no name provided>.invokeSuspend.<no name provided>> origin=null
                              DELEGATING_CONSTRUCTOR_CALL 'public constructor <init> ($completion: kotlin.coroutines.Continuation<kotlin.Any?>?) declared in kotlin.coroutines.jvm.internal.ContinuationImpl'
                                ARG $completion: GET_VAR '$completion: kotlin.coroutines.Continuation<com.metes.worthit.feature.add_item.AddItemScreenKt.AddItemRoute.<no name provided>.invokeSuspend.<no name provided>.emit.<Continuation>>? declared in com.metes.worthit.feature.add_item.AddItemScreenKt.AddItemRoute.<no name provided>.invokeSuspend.<no name provided>.emit.<Continuation>.<init>' type=kotlin.coroutines.Continuation<com.metes.worthit.feature.add_item.AddItemScreenKt.AddItemRoute.<no name provided>.invokeSuspend.<no name provided>.emit.<Continuation>>? origin=null
                          FUN name:invokeSuspend visibility:public modality:FINAL returnType:kotlin.Any?
                            VALUE_PARAMETER INSTANCE_RECEIVER kind:DispatchReceiver name:<this> index:0 type:com.metes.worthit.feature.add_item.AddItemScreenKt.AddItemRoute.<no name provided>.invokeSuspend.<no name provided>.emit.<Continuation>
                            VALUE_PARAMETER kind:Regular name:$result index:1 type:kotlin.Result<kotlin.Any?>
                            overridden:
                              public abstract fun invokeSuspend ($result: kotlin.Result<kotlin.Any?>): kotlin.Any? declared in kotlin.coroutines.jvm.internal.ContinuationImpl
                            BLOCK_BODY
                              SET_FIELD 'FIELD CONTINUATION_CLASS_RESULT_FIELD name:result type:kotlin.Result<kotlin.Any?> visibility:public/*package*/ declared in com.metes.worthit.feature.add_item.AddItemScreenKt.AddItemRoute.<no name provided>.invokeSuspend.<no name provided>.emit.<Continuation>' type=kotlin.Unit origin=null
                                receiver: GET_VAR '<this>: com.metes.worthit.feature.add_item.AddItemScreenKt.AddItemRoute.<no name provided>.invokeSuspend.<no name provided>.emit.<Continuation> declared in com.metes.worthit.feature.add_item.AddItemScreenKt.AddItemRoute.<no name provided>.invokeSuspend.<no name provided>.emit.<Continuation>.invokeSuspend' type=com.metes.worthit.feature.add_item.AddItemScreenKt.AddItemRoute.<no name provided>.invokeSuspend.<no name provided>.emit.<Continuation> origin=null
                                value: GET_VAR '$result: kotlin.Result<kotlin.Any?> declared in com.metes.worthit.feature.add_item.AddItemScreenKt.AddItemRoute.<no name provided>.invokeSuspend.<no name provided>.emit.<Continuation>.invokeSuspend' type=kotlin.Result<kotlin.Any?> origin=null
                              SET_FIELD 'FIELD name:label type:kotlin.Int visibility:public/*package*/ declared in com.metes.worthit.feature.add_item.AddItemScreenKt.AddItemRoute.<no name provided>.invokeSuspend.<no name provided>.emit.<Continuation>' type=kotlin.Unit origin=null
                                receiver: GET_VAR '<this>: com.metes.worthit.feature.add_item.AddItemScreenKt.AddItemRoute.<no name provided>.invokeSuspend.<no name provided>.emit.<Continuation> declared in com.metes.worthit.feature.add_item.AddItemScreenKt.AddItemRoute.<no name provided>.invokeSuspend.<no name provided>.emit.<Continuation>.invokeSuspend' type=com.metes.worthit.feature.add_item.AddItemScreenKt.AddItemRoute.<no name provided>.invokeSuspend.<no name provided>.emit.<Continuation> origin=null
                                value: CALL 'public final fun or (other: kotlin.Int): kotlin.Int [infix] declared in kotlin.Int' type=kotlin.Int origin=null
                                  ARG <this>: GET_FIELD 'FIELD name:label type:kotlin.Int visibility:public/*package*/ declared in com.metes.worthit.feature.add_item.AddItemScreenKt.AddItemRoute.<no name provided>.invokeSuspend.<no name provided>.emit.<Continuation>' type=kotlin.Int origin=null
                                    receiver: GET_VAR '<this>: com.metes.worthit.feature.add_item.AddItemScreenKt.AddItemRoute.<no name provided>.invokeSuspend.<no name provided>.emit.<Continuation> declared in com.metes.worthit.feature.add_item.AddItemScreenKt.AddItemRoute.<no name provided>.invokeSuspend.<no name provided>.emit.<Continuation>.invokeSuspend' type=com.metes.worthit.feature.add_item.AddItemScreenKt.AddItemRoute.<no name provided>.invokeSuspend.<no name provided>.emit.<Continuation> origin=null
                                  ARG other: CONST Int type=kotlin.Int value=-2147483648
                              RETURN type=kotlin.Nothing from='public final fun invokeSuspend ($result: kotlin.Result<kotlin.Any?>): kotlin.Any? declared in com.metes.worthit.feature.add_item.AddItemScreenKt.AddItemRoute.<no name provided>.invokeSuspend.<no name provided>.emit.<Continuation>'
                                CALL 'public final fun emit (event: com.metes.worthit.feature.add_item.AddItemEvent, $completion: kotlin.coroutines.Continuation<kotlin.Unit>): kotlin.Any? [suspend] declared in com.metes.worthit.feature.add_item.AddItemScreenKt.AddItemRoute.<no name provided>.invokeSuspend.<no name provided>' type=kotlin.Any? origin=null
                                  ARG <this>: GET_FIELD 'FIELD FIELD_FOR_OUTER_THIS name:this$0 type:com.metes.worthit.feature.add_item.AddItemScreenKt.AddItemRoute.<no name provided>.invokeSuspend.<no name provided><T of com.metes.worthit.feature.add_item.AddItemScreenKt.AddItemRoute.<no name provided>.invokeSuspend.<no name provided>> visibility:public/*package*/ [final] declared in com.metes.worthit.feature.add_item.AddItemScreenKt.AddItemRoute.<no name provided>.invokeSuspend.<no name provided>.emit.<Continuation>' type=com.metes.worthit.feature.add_item.AddItemScreenKt.AddItemRoute.<no name provided>.invokeSuspend.<no name provided><T of com.metes.worthit.feature.add_item.AddItemScreenKt.AddItemRoute.<no name provided>.invokeSuspend.<no name provided>> origin=null
                                    receiver: GET_VAR '<this>: com.metes.worthit.feature.add_item.AddItemScreenKt.AddItemRoute.<no name provided>.invokeSuspend.<no name provided>.emit.<Continuation> declared in com.metes.worthit.feature.add_item.AddItemScreenKt.AddItemRoute.<no name provided>.invokeSuspend.<no name provided>.emit.<Continuation>.invokeSuspend' type=com.metes.worthit.feature.add_item.AddItemScreenKt.AddItemRoute.<no name provided>.invokeSuspend.<no name provided>.emit.<Continuation> origin=null
                                  ARG event: CONST Null type=com.metes.worthit.feature.add_item.AddItemEvent? value=null
                                  ARG $completion: GET_VAR '<this>: com.metes.worthit.feature.add_item.AddItemScreenKt.AddItemRoute.<no name provided>.invokeSuspend.<no name provided>.emit.<Continuation> declared in com.metes.worthit.feature.add_item.AddItemScreenKt.AddItemRoute.<no name provided>.invokeSuspend.<no name provided>.emit.<Continuation>.invokeSuspend' type=com.metes.worthit.feature.add_item.AddItemScreenKt.AddItemRoute.<no name provided>.invokeSuspend.<no name provided>.emit.<Continuation> origin=null
                        COMPOSITE type=kotlin.Unit origin=null
                          BLOCK type=kotlin.Any origin=WHEN
                            VAR IR_TEMPORARY_VARIABLE name:tmp0_subject type:com.metes.worthit.feature.add_item.AddItemEvent [val]
                              GET_VAR 'event: com.metes.worthit.feature.add_item.AddItemEvent declared in com.metes.worthit.feature.add_item.AddItemScreenKt.AddItemRoute.<no name provided>.invokeSuspend.<no name provided>.emit' type=com.metes.worthit.feature.add_item.AddItemEvent origin=null
                            WHEN type=kotlin.Any origin=WHEN
                              BRANCH
                                if: CALL 'public final fun EQEQ (arg0: kotlin.Any?, arg1: kotlin.Any?): kotlin.Boolean declared in kotlin.internal.ir' type=kotlin.Boolean origin=EQEQ
                                  ARG arg0: GET_VAR 'val tmp0_subject: com.metes.worthit.feature.add_item.AddItemEvent [val] declared in com.metes.worthit.feature.add_item.AddItemScreenKt.AddItemRoute.<no name provided>.invokeSuspend.<no name provided>.emit' type=com.metes.worthit.feature.add_item.AddItemEvent origin=null
                                  ARG arg1: GET_FIELD 'FIELD FIELD_FOR_OBJECT_INSTANCE name:INSTANCE type:com.metes.worthit.feature.add_item.AddItemEvent.NavigateToItems visibility:public [final,static] declared in com.metes.worthit.feature.add_item.AddItemEvent.NavigateToItems' type=com.metes.worthit.feature.add_item.AddItemEvent.NavigateToItems origin=null
                                then: CALL 'public abstract fun invoke (): R of kotlin.Function0 [operator] declared in kotlin.Function0' type=kotlin.Unit origin=INVOKE
                                  ARG <this>: GET_FIELD 'FIELD FIELD_FOR_CAPTURED_VALUE name:$onNavigateToItems type:kotlin.Function0<kotlin.Unit> visibility:public/*package*/ [final] declared in com.metes.worthit.feature.add_item.AddItemScreenKt.AddItemRoute.<no name provided>.invokeSuspend.<no name provided>' type=kotlin.Function0<kotlin.Unit> origin=null
                                    receiver: GET_VAR '<this>: com.metes.worthit.feature.add_item.AddItemScreenKt.AddItemRoute.<no name provided>.invokeSuspend.<no name provided><T of com.metes.worthit.feature.add_item.AddItemScreenKt.AddItemRoute.<no name provided>.invokeSuspend.<no name provided>> declared in com.metes.worthit.feature.add_item.AddItemScreenKt.AddItemRoute.<no name provided>.invokeSuspend.<no name provided>.emit' type=com.metes.worthit.feature.add_item.AddItemScreenKt.AddItemRoute.<no name provided>.invokeSuspend.<no name provided><T of com.metes.worthit.feature.add_item.AddItemScreenKt.AddItemRoute.<no name provided>.invokeSuspend.<no name provided>> origin=null
                              BRANCH
                                if: TYPE_OP type=kotlin.Boolean origin=INSTANCEOF typeOperand=com.metes.worthit.feature.add_item.AddItemEvent.ShowSnackbar
                                  GET_VAR 'val tmp0_subject: com.metes.worthit.feature.add_item.AddItemEvent [val] declared in com.metes.worthit.feature.add_item.AddItemScreenKt.AddItemRoute.<no name provided>.invokeSuspend.<no name provided>.emit' type=com.metes.worthit.feature.add_item.AddItemEvent origin=null
                                then: BLOCK type=kotlinx.coroutines.Job origin=null
                                  CALL 'public final fun launch$default (<this>: kotlinx.coroutines.CoroutineScope, context: kotlin.coroutines.CoroutineContext?, start: kotlinx.coroutines.CoroutineStart?, block: @[ExtensionFunctionType] kotlin.coroutines.SuspendFunction1<kotlinx.coroutines.CoroutineScope, kotlin.Unit>, $mask0: kotlin.Int, $handler: kotlin.Any?): kotlinx.coroutines.Job declared in kotlinx.coroutines.BuildersKt' type=kotlinx.coroutines.Job origin=DEFAULT_DISPATCH_CALL
                                    ARG <this>: GET_FIELD 'FIELD FIELD_FOR_CAPTURED_VALUE name:$$this$LaunchedEffect type:kotlinx.coroutines.CoroutineScope visibility:public/*package*/ [final] declared in com.metes.worthit.feature.add_item.AddItemScreenKt.AddItemRoute.<no name provided>.invokeSuspend.<no name provided>' type=kotlinx.coroutines.CoroutineScope origin=null
                                      receiver: GET_VAR '<this>: com.metes.worthit.feature.add_item.AddItemScreenKt.AddItemRoute.<no name provided>.invokeSuspend.<no name provided><T of com.metes.worthit.feature.add_item.AddItemScreenKt.AddItemRoute.<no name provided>.invokeSuspend.<no name provided>> declared in com.metes.worthit.feature.add_item.AddItemScreenKt.AddItemRoute.<no name provided>.invokeSuspend.<no name provided>.emit' type=com.metes.worthit.feature.add_item.AddItemScreenKt.AddItemRoute.<no name provided>.invokeSuspend.<no name provided><T of com.metes.worthit.feature.add_item.AddItemScreenKt.AddItemRoute.<no name provided>.invokeSuspend.<no name provided>> origin=null
                                    ARG context: COMPOSITE type=kotlin.coroutines.CoroutineContext? origin=DEFAULT_VALUE
                                      CONST Null type=kotlin.coroutines.CoroutineContext? value=null
                                    ARG start: COMPOSITE type=kotlinx.coroutines.CoroutineStart? origin=DEFAULT_VALUE
                                      CONST Null type=kotlinx.coroutines.CoroutineStart? value=null
                                    ARG block: BLOCK type=com.metes.worthit.feature.add_item.AddItemScreenKt.AddItemRoute.<no name provided>.invokeSuspend.<no name provided>.emit.<no name provided> origin=null
                                      CLASS SUSPEND_LAMBDA CLASS name:<no name provided> modality:FINAL visibility:public/*package*/ superTypes:[kotlin.coroutines.jvm.internal.SuspendLambda; kotlin.jvm.functions.Function2<kotlinx.coroutines.CoroutineScope, kotlin.coroutines.Continuation<kotlin.Unit>?, kotlin.Any?>]
                                        thisReceiver: VALUE_PARAMETER INSTANCE_RECEIVER kind:DispatchReceiver name:<this> type:com.metes.worthit.feature.add_item.AddItemScreenKt.AddItemRoute.<no name provided>.invokeSuspend.<no name provided>.emit.<no name provided>
                                        FIELD name:label type:kotlin.Int visibility:public/*package*/
                                        CONSTRUCTOR SUSPEND_LAMBDA visibility:public/*package*/ returnType:com.metes.worthit.feature.add_item.AddItemScreenKt.AddItemRoute.<no name provided>.invokeSuspend.<no name provided>.emit.<no name provided> [primary]
                                          VALUE_PARAMETER BOUND_VALUE_PARAMETER kind:Regular name:$snackbarHostState index:0 type:androidx.compose.material3.SnackbarHostState
                                          VALUE_PARAMETER BOUND_VALUE_PARAMETER kind:Regular name:$event index:1 type:com.metes.worthit.feature.add_item.AddItemEvent
                                          VALUE_PARAMETER BOUND_VALUE_PARAMETER kind:Regular name:$context index:2 type:android.content.Context
                                          VALUE_PARAMETER kind:Regular name:$completion index:3 type:kotlin.coroutines.Continuation<com.metes.worthit.feature.add_item.AddItemScreenKt.AddItemRoute.<no name provided>.invokeSuspend.<no name provided>.emit.<no name provided>>?
                                          BLOCK_BODY
                                            SET_FIELD 'FIELD FIELD_FOR_CAPTURED_VALUE name:$snackbarHostState type:androidx.compose.material3.SnackbarHostState visibility:public/*package*/ [final] declared in com.metes.worthit.feature.add_item.AddItemScreenKt.AddItemRoute.<no name provided>.invokeSuspend.<no name provided>.emit.<no name provided>' type=kotlin.Unit origin=INITIALIZER_OF_FIELD_FOR_CAPTURED_VALUE
                                              receiver: GET_VAR '<this>: com.metes.worthit.feature.add_item.AddItemScreenKt.AddItemRoute.<no name provided>.invokeSuspend.<no name provided>.emit.<no name provided> declared in com.metes.worthit.feature.add_item.AddItemScreenKt.AddItemRoute.<no name provided>.invokeSuspend.<no name provided>.emit.<no name provided>' type=com.metes.worthit.feature.add_item.AddItemScreenKt.AddItemRoute.<no name provided>.invokeSuspend.<no name provided>.emit.<no name provided> origin=null
                                              value: GET_VAR '$snackbarHostState: androidx.compose.material3.SnackbarHostState declared in com.metes.worthit.feature.add_item.AddItemScreenKt.AddItemRoute.<no name provided>.invokeSuspend.<no name provided>.emit.<no name provided>.<init>' type=androidx.compose.material3.SnackbarHostState origin=null
                                            SET_FIELD 'FIELD FIELD_FOR_CAPTURED_VALUE name:$event type:com.metes.worthit.feature.add_item.AddItemEvent visibility:public/*package*/ [final] declared in com.metes.worthit.feature.add_item.AddItemScreenKt.AddItemRoute.<no name provided>.invokeSuspend.<no name provided>.emit.<no name provided>' type=kotlin.Unit origin=INITIALIZER_OF_FIELD_FOR_CAPTURED_VALUE
                                              receiver: GET_VAR '<this>: com.metes.worthit.feature.add_item.AddItemScreenKt.AddItemRoute.<no name provided>.invokeSuspend.<no name provided>.emit.<no name provided> declared in com.metes.worthit.feature.add_item.AddItemScreenKt.AddItemRoute.<no name provided>.invokeSuspend.<no name provided>.emit.<no name provided>' type=com.metes.worthit.feature.add_item.AddItemScreenKt.AddItemRoute.<no name provided>.invokeSuspend.<no name provided>.emit.<no name provided> origin=null
                                              value: GET_VAR '$event: com.metes.worthit.feature.add_item.AddItemEvent declared in com.metes.worthit.feature.add_item.AddItemScreenKt.AddItemRoute.<no name provided>.invokeSuspend.<no name provided>.emit.<no name provided>.<init>' type=com.metes.worthit.feature.add_item.AddItemEvent origin=null
                                            SET_FIELD 'FIELD FIELD_FOR_CAPTURED_VALUE name:$context type:android.content.Context visibility:public/*package*/ [final] declared in com.metes.worthit.feature.add_item.AddItemScreenKt.AddItemRoute.<no name provided>.invokeSuspend.<no name provided>.emit.<no name provided>' type=kotlin.Unit origin=INITIALIZER_OF_FIELD_FOR_CAPTURED_VALUE
                                              receiver: GET_VAR '<this>: com.metes.worthit.feature.add_item.AddItemScreenKt.AddItemRoute.<no name provided>.invokeSuspend.<no name provided>.emit.<no name provided> declared in com.metes.worthit.feature.add_item.AddItemScreenKt.AddItemRoute.<no name provided>.invokeSuspend.<no name provided>.emit.<no name provided>' type=com.metes.worthit.feature.add_item.AddItemScreenKt.AddItemRoute.<no name provided>.invokeSuspend.<no name provided>.emit.<no name provided> origin=null
                                              value: GET_VAR '$context: android.content.Context declared in com.metes.worthit.feature.add_item.AddItemScreenKt.AddItemRoute.<no name provided>.invokeSuspend.<no name provided>.emit.<no name provided>.<init>' type=android.content.Context origin=null
                                            DELEGATING_CONSTRUCTOR_CALL 'public constructor <init> (arity: kotlin.Int, $completion: kotlin.coroutines.Continuation<kotlin.Any?>?) declared in kotlin.coroutines.jvm.internal.SuspendLambda'
                                              ARG arity: CONST Int type=kotlin.Int value=2
                                              ARG $completion: GET_VAR '$completion: kotlin.coroutines.Continuation<com.metes.worthit.feature.add_item.AddItemScreenKt.AddItemRoute.<no name provided>.invokeSuspend.<no name provided>.emit.<no name provided>>? declared in com.metes.worthit.feature.add_item.AddItemScreenKt.AddItemRoute.<no name provided>.invokeSuspend.<no name provided>.emit.<no name provided>.<init>' type=kotlin.coroutines.Continuation<com.metes.worthit.feature.add_item.AddItemScreenKt.AddItemRoute.<no name provided>.invokeSuspend.<no name provided>.emit.<no name provided>>? origin=null
                                            BLOCK type=kotlin.Unit origin=null
                                        FUN name:invokeSuspend visibility:public modality:FINAL returnType:kotlin.Any?
                                          VALUE_PARAMETER INSTANCE_RECEIVER kind:DispatchReceiver name:<this> index:0 type:com.metes.worthit.feature.add_item.AddItemScreenKt.AddItemRoute.<no name provided>.invokeSuspend.<no name provided>.emit.<no name provided>
                                          VALUE_PARAMETER kind:Regular name:$result index:1 type:kotlin.Result<kotlin.Any?>
                                          overridden:
                                            protected abstract fun invokeSuspend ($result: kotlin.Result<kotlin.Any?>): kotlin.Any? declared in kotlin.coroutines.jvm.internal.SuspendLambda
                                          BLOCK_BODY
                                            COMPOSITE type=kotlin.Unit origin=null
                                              CALL 'public final fun showSnackbar (visuals: androidx.compose.material3.SnackbarVisuals, $completion: kotlin.coroutines.Continuation<androidx.compose.material3.SnackbarResult>): kotlin.Any? [suspend] declared in androidx.compose.material3.SnackbarHostState' type=androidx.compose.material3.SnackbarResult origin=null
                                                ARG <this>: GET_FIELD 'FIELD FIELD_FOR_CAPTURED_VALUE name:$snackbarHostState type:androidx.compose.material3.SnackbarHostState visibility:public/*package*/ [final] declared in com.metes.worthit.feature.add_item.AddItemScreenKt.AddItemRoute.<no name provided>.invokeSuspend.<no name provided>.emit.<no name provided>' type=androidx.compose.material3.SnackbarHostState origin=null
                                                  receiver: GET_VAR '<this>: com.metes.worthit.feature.add_item.AddItemScreenKt.AddItemRoute.<no name provided>.invokeSuspend.<no name provided>.emit.<no name provided> declared in com.metes.worthit.feature.add_item.AddItemScreenKt.AddItemRoute.<no name provided>.invokeSuspend.<no name provided>.emit.<no name provided>.invokeSuspend' type=com.metes.worthit.feature.add_item.AddItemScreenKt.AddItemRoute.<no name provided>.invokeSuspend.<no name provided>.emit.<no name provided> origin=null
                                                ARG visuals: CONSTRUCTOR_CALL 'public constructor <init> (message: kotlin.String, actionLabel: kotlin.String?, withDismissAction: kotlin.Boolean, duration: androidx.compose.material3.SnackbarDuration?, isError: kotlin.Boolean, $mask0: kotlin.Int, $marker: kotlin.jvm.internal.DefaultConstructorMarker?) declared in com.metes.worthit.core.designsystem.component.snackbar.CustomSnackbarVisuals' type=com.metes.worthit.core.designsystem.component.snackbar.CustomSnackbarVisuals origin=DEFAULT_DISPATCH_CALL
                                                  ARG message: CALL 'public open fun asString (context: android.content.Context): kotlin.String declared in com.metes.worthit.core.core_ui.UiText' type=kotlin.String origin=null
                                                    ARG <this>: CALL 'public final fun <get-message> (): com.metes.worthit.core.core_ui.UiText declared in com.metes.worthit.feature.add_item.AddItemEvent.ShowSnackbar' type=com.metes.worthit.core.core_ui.UiText origin=GET_PROPERTY
                                                      ARG <this>: TYPE_OP type=com.metes.worthit.feature.add_item.AddItemEvent.ShowSnackbar origin=IMPLICIT_CAST typeOperand=com.metes.worthit.feature.add_item.AddItemEvent.ShowSnackbar
                                                        GET_FIELD 'FIELD FIELD_FOR_CAPTURED_VALUE name:$event type:com.metes.worthit.feature.add_item.AddItemEvent visibility:public/*package*/ [final] declared in com.metes.worthit.feature.add_item.AddItemScreenKt.AddItemRoute.<no name provided>.invokeSuspend.<no name provided>.emit.<no name provided>' type=com.metes.worthit.feature.add_item.AddItemEvent origin=null
                                                          receiver: GET_VAR '<this>: com.metes.worthit.feature.add_item.AddItemScreenKt.AddItemRoute.<no name provided>.invokeSuspend.<no name provided>.emit.<no name provided> declared in com.metes.worthit.feature.add_item.AddItemScreenKt.AddItemRoute.<no name provided>.invokeSuspend.<no name provided>.emit.<no name provided>.invokeSuspend' type=com.metes.worthit.feature.add_item.AddItemScreenKt.AddItemRoute.<no name provided>.invokeSuspend.<no name provided>.emit.<no name provided> origin=null
                                                    ARG context: GET_FIELD 'FIELD FIELD_FOR_CAPTURED_VALUE name:$context type:android.content.Context visibility:public/*package*/ [final] declared in com.metes.worthit.feature.add_item.AddItemScreenKt.AddItemRoute.<no name provided>.invokeSuspend.<no name provided>.emit.<no name provided>' type=android.content.Context origin=null
                                                      receiver: GET_VAR '<this>: com.metes.worthit.feature.add_item.AddItemScreenKt.AddItemRoute.<no name provided>.invokeSuspend.<no name provided>.emit.<no name provided> declared in com.metes.worthit.feature.add_item.AddItemScreenKt.AddItemRoute.<no name provided>.invokeSuspend.<no name provided>.emit.<no name provided>.invokeSuspend' type=com.metes.worthit.feature.add_item.AddItemScreenKt.AddItemRoute.<no name provided>.invokeSuspend.<no name provided>.emit.<no name provided> origin=null
                                                  ARG actionLabel: COMPOSITE type=kotlin.String? origin=DEFAULT_VALUE
                                                    CONST Null type=kotlin.String? value=null
                                                  ARG withDismissAction: COMPOSITE type=kotlin.Boolean origin=DEFAULT_VALUE
                                                    CONST Boolean type=kotlin.Boolean value=false
                                                  ARG duration: COMPOSITE type=androidx.compose.material3.SnackbarDuration? origin=DEFAULT_VALUE
                                                    CONST Null type=androidx.compose.material3.SnackbarDuration? value=null
                                                  ARG isError: CALL 'public final fun <get-isError> (): kotlin.Boolean declared in com.metes.worthit.feature.add_item.AddItemEvent.ShowSnackbar' type=kotlin.Boolean origin=GET_PROPERTY
                                                    ARG <this>: TYPE_OP type=com.metes.worthit.feature.add_item.AddItemEvent.ShowSnackbar origin=IMPLICIT_CAST typeOperand=com.metes.worthit.feature.add_item.AddItemEvent.ShowSnackbar
                                                      GET_FIELD 'FIELD FIELD_FOR_CAPTURED_VALUE name:$event type:com.metes.worthit.feature.add_item.AddItemEvent visibility:public/*package*/ [final] declared in com.metes.worthit.feature.add_item.AddItemScreenKt.AddItemRoute.<no name provided>.invokeSuspend.<no name provided>.emit.<no name provided>' type=com.metes.worthit.feature.add_item.AddItemEvent origin=null
                                                        receiver: GET_VAR '<this>: com.metes.worthit.feature.add_item.AddItemScreenKt.AddItemRoute.<no name provided>.invokeSuspend.<no name provided>.emit.<no name provided> declared in com.metes.worthit.feature.add_item.AddItemScreenKt.AddItemRoute.<no name provided>.invokeSuspend.<no name provided>.emit.<no name provided>.invokeSuspend' type=com.metes.worthit.feature.add_item.AddItemScreenKt.AddItemRoute.<no name provided>.invokeSuspend.<no name provided>.emit.<no name provided> origin=null
                                                  ARG $mask0: CONST Int type=kotlin.Int value=14
                                                  ARG $marker: CONST Null type=kotlin.jvm.internal.DefaultConstructorMarker? value=null
                                                ARG $completion: GET_VAR '<this>: com.metes.worthit.feature.add_item.AddItemScreenKt.AddItemRoute.<no name provided>.invokeSuspend.<no name provided>.emit.<no name provided> declared in com.metes.worthit.feature.add_item.AddItemScreenKt.AddItemRoute.<no name provided>.invokeSuspend.<no name provided>.emit.<no name provided>.invokeSuspend' type=com.metes.worthit.feature.add_item.AddItemScreenKt.AddItemRoute.<no name provided>.invokeSuspend.<no name provided>.emit.<no name provided> origin=null
                                              COMPOSITE type=kotlin.Unit origin=null
                                        FUN name:create visibility:public modality:FINAL returnType:kotlin.coroutines.Continuation<kotlin.Unit>
                                          VALUE_PARAMETER INSTANCE_RECEIVER kind:DispatchReceiver name:<this> index:0 type:com.metes.worthit.feature.add_item.AddItemScreenKt.AddItemRoute.<no name provided>.invokeSuspend.<no name provided>.emit.<no name provided>
                                          VALUE_PARAMETER kind:Regular name:value index:1 type:kotlin.Any?
                                          VALUE_PARAMETER kind:Regular name:$completion index:2 type:kotlin.coroutines.Continuation<kotlin.Nothing>
                                          overridden:
                                            public open fun create (value: kotlin.Any?, $completion: kotlin.coroutines.Continuation<kotlin.Nothing>): kotlin.coroutines.Continuation<kotlin.Unit> declared in kotlin.coroutines.jvm.internal.SuspendLambda
                                          BLOCK_BODY
                                            RETURN type=kotlin.Nothing from='public final fun create (value: kotlin.Any?, $completion: kotlin.coroutines.Continuation<kotlin.Nothing>): kotlin.coroutines.Continuation<kotlin.Unit> declared in com.metes.worthit.feature.add_item.AddItemScreenKt.AddItemRoute.<no name provided>.invokeSuspend.<no name provided>.emit.<no name provided>'
                                              CONSTRUCTOR_CALL 'public/*package*/ constructor <init> ($snackbarHostState: androidx.compose.material3.SnackbarHostState, $event: com.metes.worthit.feature.add_item.AddItemEvent, $context: android.content.Context, $completion: kotlin.coroutines.Continuation<com.metes.worthit.feature.add_item.AddItemScreenKt.AddItemRoute.<no name provided>.invokeSuspend.<no name provided>.emit.<no name provided>>?) [primary] declared in com.metes.worthit.feature.add_item.AddItemScreenKt.AddItemRoute.<no name provided>.invokeSuspend.<no name provided>.emit.<no name provided>' type=com.metes.worthit.feature.add_item.AddItemScreenKt.AddItemRoute.<no name provided>.invokeSuspend.<no name provided>.emit.<no name provided> origin=null
                                                ARG $snackbarHostState: GET_FIELD 'FIELD FIELD_FOR_CAPTURED_VALUE name:$snackbarHostState type:androidx.compose.material3.SnackbarHostState visibility:public/*package*/ [final] declared in com.metes.worthit.feature.add_item.AddItemScreenKt.AddItemRoute.<no name provided>.invokeSuspend.<no name provided>.emit.<no name provided>' type=androidx.compose.material3.SnackbarHostState origin=null
                                                  receiver: GET_VAR '<this>: com.metes.worthit.feature.add_item.AddItemScreenKt.AddItemRoute.<no name provided>.invokeSuspend.<no name provided>.emit.<no name provided> declared in com.metes.worthit.feature.add_item.AddItemScreenKt.AddItemRoute.<no name provided>.invokeSuspend.<no name provided>.emit.<no name provided>.create' type=com.metes.worthit.feature.add_item.AddItemScreenKt.AddItemRoute.<no name provided>.invokeSuspend.<no name provided>.emit.<no name provided> origin=null
                                                ARG $event: GET_FIELD 'FIELD FIELD_FOR_CAPTURED_VALUE name:$event type:com.metes.worthit.feature.add_item.AddItemEvent visibility:public/*package*/ [final] declared in com.metes.worthit.feature.add_item.AddItemScreenKt.AddItemRoute.<no name provided>.invokeSuspend.<no name provided>.emit.<no name provided>' type=com.metes.worthit.feature.add_item.AddItemEvent origin=null
                                                  receiver: GET_VAR '<this>: com.metes.worthit.feature.add_item.AddItemScreenKt.AddItemRoute.<no name provided>.invokeSuspend.<no name provided>.emit.<no name provided> declared in com.metes.worthit.feature.add_item.AddItemScreenKt.AddItemRoute.<no name provided>.invokeSuspend.<no name provided>.emit.<no name provided>.create' type=com.metes.worthit.feature.add_item.AddItemScreenKt.AddItemRoute.<no name provided>.invokeSuspend.<no name provided>.emit.<no name provided> origin=null
                                                ARG $context: GET_FIELD 'FIELD FIELD_FOR_CAPTURED_VALUE name:$context type:android.content.Context visibility:public/*package*/ [final] declared in com.metes.worthit.feature.add_item.AddItemScreenKt.AddItemRoute.<no name provided>.invokeSuspend.<no name provided>.emit.<no name provided>' type=android.content.Context origin=null
                                                  receiver: GET_VAR '<this>: com.metes.worthit.feature.add_item.AddItemScreenKt.AddItemRoute.<no name provided>.invokeSuspend.<no name provided>.emit.<no name provided> declared in com.metes.worthit.feature.add_item.AddItemScreenKt.AddItemRoute.<no name provided>.invokeSuspend.<no name provided>.emit.<no name provided>.create' type=com.metes.worthit.feature.add_item.AddItemScreenKt.AddItemRoute.<no name provided>.invokeSuspend.<no name provided>.emit.<no name provided> origin=null
                                                ARG $completion: GET_VAR '$completion: kotlin.coroutines.Continuation<kotlin.Nothing> declared in com.metes.worthit.feature.add_item.AddItemScreenKt.AddItemRoute.<no name provided>.invokeSuspend.<no name provided>.emit.<no name provided>.create' type=kotlin.coroutines.Continuation<kotlin.Nothing> origin=null
                                        FUN name:invoke visibility:public modality:FINAL returnType:kotlin.Any?
                                          VALUE_PARAMETER INSTANCE_RECEIVER kind:DispatchReceiver name:<this> index:0 type:com.metes.worthit.feature.add_item.AddItemScreenKt.AddItemRoute.<no name provided>.invokeSuspend.<no name provided>.emit.<no name provided>
                                          VALUE_PARAMETER kind:Regular name:p1 index:1 type:kotlinx.coroutines.CoroutineScope
                                          VALUE_PARAMETER kind:Regular name:p2 index:2 type:kotlin.coroutines.Continuation<kotlin.Unit>?
                                          overridden:
                                            public abstract fun invoke (p1: P1 of kotlin.jvm.functions.Function2, p2: P2 of kotlin.jvm.functions.Function2): R of kotlin.jvm.functions.Function2 declared in kotlin.jvm.functions.Function2
                                          BLOCK_BODY
                                            RETURN type=kotlin.Nothing from='public final fun invoke (p1: kotlinx.coroutines.CoroutineScope, p2: kotlin.coroutines.Continuation<kotlin.Unit>?): kotlin.Any? declared in com.metes.worthit.feature.add_item.AddItemScreenKt.AddItemRoute.<no name provided>.invokeSuspend.<no name provided>.emit.<no name provided>'
                                              CALL 'public final fun invokeSuspend ($result: kotlin.Result<kotlin.Any?>): kotlin.Any? declared in com.metes.worthit.feature.add_item.AddItemScreenKt.AddItemRoute.<no name provided>.invokeSuspend.<no name provided>.emit.<no name provided>' type=kotlin.Any? origin=null
                                                ARG <this>: TYPE_OP type=com.metes.worthit.feature.add_item.AddItemScreenKt.AddItemRoute.<no name provided>.invokeSuspend.<no name provided>.emit.<no name provided> origin=IMPLICIT_CAST typeOperand=com.metes.worthit.feature.add_item.AddItemScreenKt.AddItemRoute.<no name provided>.invokeSuspend.<no name provided>.emit.<no name provided>
                                                  CALL 'public final fun create (value: kotlin.Any?, $completion: kotlin.coroutines.Continuation<kotlin.Nothing>): kotlin.coroutines.Continuation<kotlin.Unit> declared in com.metes.worthit.feature.add_item.AddItemScreenKt.AddItemRoute.<no name provided>.invokeSuspend.<no name provided>.emit.<no name provided>' type=kotlin.coroutines.Continuation<kotlin.Unit> origin=null
                                                    ARG <this>: GET_VAR '<this>: com.metes.worthit.feature.add_item.AddItemScreenKt.AddItemRoute.<no name provided>.invokeSuspend.<no name provided>.emit.<no name provided> declared in com.metes.worthit.feature.add_item.AddItemScreenKt.AddItemRoute.<no name provided>.invokeSuspend.<no name provided>.emit.<no name provided>.invoke' type=com.metes.worthit.feature.add_item.AddItemScreenKt.AddItemRoute.<no name provided>.invokeSuspend.<no name provided>.emit.<no name provided> origin=null
                                                    ARG value: GET_VAR 'p1: kotlinx.coroutines.CoroutineScope declared in com.metes.worthit.feature.add_item.AddItemScreenKt.AddItemRoute.<no name provided>.invokeSuspend.<no name provided>.emit.<no name provided>.invoke' type=kotlinx.coroutines.CoroutineScope origin=null
                                                    ARG $completion: GET_VAR 'p2: kotlin.coroutines.Continuation<kotlin.Unit>? declared in com.metes.worthit.feature.add_item.AddItemScreenKt.AddItemRoute.<no name provided>.invokeSuspend.<no name provided>.emit.<no name provided>.invoke' type=kotlin.coroutines.Continuation<kotlin.Unit>? origin=null
                                                ARG $result: CALL 'public final fun <unsafe-coerce> <T, R> (v: T of kotlin.jvm.internal.<unsafe-coerce>): R of kotlin.jvm.internal.<unsafe-coerce> declared in kotlin.jvm.internal' type=kotlin.Result<kotlin.Any?> origin=null
                                                  TYPE_ARG T: kotlin.Any?
                                                  TYPE_ARG R: kotlin.Result<kotlin.Any?>
                                                  ARG v: GET_FIELD 'FIELD FIELD_FOR_OBJECT_INSTANCE name:INSTANCE type:kotlin.Unit visibility:public [final,static] declared in kotlin.Unit' type=kotlin.Unit origin=null
                                        FIELD FIELD_FOR_CAPTURED_VALUE name:$snackbarHostState type:androidx.compose.material3.SnackbarHostState visibility:public/*package*/ [final]
                                        FIELD FIELD_FOR_CAPTURED_VALUE name:$event type:com.metes.worthit.feature.add_item.AddItemEvent visibility:public/*package*/ [final]
                                        FIELD FIELD_FOR_CAPTURED_VALUE name:$context type:android.content.Context visibility:public/*package*/ [final]
                                        FUN BRIDGE name:invoke visibility:public modality:OPEN returnType:kotlin.Any?
                                          VALUE_PARAMETER INSTANCE_RECEIVER kind:DispatchReceiver name:<this> index:0 type:com.metes.worthit.feature.add_item.AddItemScreenKt.AddItemRoute.<no name provided>.invokeSuspend.<no name provided>.emit.<no name provided>
                                          VALUE_PARAMETER kind:Regular name:p1 index:1 type:kotlin.Any?
                                          VALUE_PARAMETER kind:Regular name:p2 index:2 type:kotlin.Any?
                                          EXPRESSION_BODY
                                            RETURN type=kotlin.Nothing from='public open fun invoke (p1: kotlin.Any?, p2: kotlin.Any?): kotlin.Any? declared in com.metes.worthit.feature.add_item.AddItemScreenKt.AddItemRoute.<no name provided>.invokeSuspend.<no name provided>.emit.<no name provided>'
                                              CALL 'public final fun invoke (p1: kotlinx.coroutines.CoroutineScope, p2: kotlin.coroutines.Continuation<kotlin.Unit>?): kotlin.Any? declared in com.metes.worthit.feature.add_item.AddItemScreenKt.AddItemRoute.<no name provided>.invokeSuspend.<no name provided>.emit.<no name provided>' type=kotlin.Any? origin=BRIDGE_DELEGATION
                                                ARG <this>: GET_VAR '<this>: com.metes.worthit.feature.add_item.AddItemScreenKt.AddItemRoute.<no name provided>.invokeSuspend.<no name provided>.emit.<no name provided> declared in com.metes.worthit.feature.add_item.AddItemScreenKt.AddItemRoute.<no name provided>.invokeSuspend.<no name provided>.emit.<no name provided>.invoke' type=com.metes.worthit.feature.add_item.AddItemScreenKt.AddItemRoute.<no name provided>.invokeSuspend.<no name provided>.emit.<no name provided> origin=null
                                                ARG p1: TYPE_OP type=kotlinx.coroutines.CoroutineScope origin=IMPLICIT_CAST typeOperand=kotlinx.coroutines.CoroutineScope
                                                  GET_VAR 'p1: kotlin.Any? declared in com.metes.worthit.feature.add_item.AddItemScreenKt.AddItemRoute.<no name provided>.invokeSuspend.<no name provided>.emit.<no name provided>.invoke' type=kotlin.Any? origin=null
                                                ARG p2: TYPE_OP type=kotlin.coroutines.Continuation<*> origin=IMPLICIT_CAST typeOperand=kotlin.coroutines.Continuation<*>
                                                  GET_VAR 'p2: kotlin.Any? declared in com.metes.worthit.feature.add_item.AddItemScreenKt.AddItemRoute.<no name provided>.invokeSuspend.<no name provided>.emit.<no name provided>.invoke' type=kotlin.Any? origin=null
                                      CONSTRUCTOR_CALL 'public/*package*/ constructor <init> ($snackbarHostState: androidx.compose.material3.SnackbarHostState, $event: com.metes.worthit.feature.add_item.AddItemEvent, $context: android.content.Context, $completion: kotlin.coroutines.Continuation<com.metes.worthit.feature.add_item.AddItemScreenKt.AddItemRoute.<no name provided>.invokeSuspend.<no name provided>.emit.<no name provided>>?) [primary] declared in com.metes.worthit.feature.add_item.AddItemScreenKt.AddItemRoute.<no name provided>.invokeSuspend.<no name provided>.emit.<no name provided>' type=com.metes.worthit.feature.add_item.AddItemScreenKt.AddItemRoute.<no name provided>.invokeSuspend.<no name provided>.emit.<no name provided> origin=null
                                        ARG $snackbarHostState: GET_FIELD 'FIELD FIELD_FOR_CAPTURED_VALUE name:$snackbarHostState type:androidx.compose.material3.SnackbarHostState visibility:public/*package*/ [final] declared in com.metes.worthit.feature.add_item.AddItemScreenKt.AddItemRoute.<no name provided>.invokeSuspend.<no name provided>' type=androidx.compose.material3.SnackbarHostState origin=null
                                          receiver: GET_VAR '<this>: com.metes.worthit.feature.add_item.AddItemScreenKt.AddItemRoute.<no name provided>.invokeSuspend.<no name provided><T of com.metes.worthit.feature.add_item.AddItemScreenKt.AddItemRoute.<no name provided>.invokeSuspend.<no name provided>> declared in com.metes.worthit.feature.add_item.AddItemScreenKt.AddItemRoute.<no name provided>.invokeSuspend.<no name provided>.emit' type=com.metes.worthit.feature.add_item.AddItemScreenKt.AddItemRoute.<no name provided>.invokeSuspend.<no name provided><T of com.metes.worthit.feature.add_item.AddItemScreenKt.AddItemRoute.<no name provided>.invokeSuspend.<no name provided>> origin=null
                                        ARG $event: GET_VAR 'event: com.metes.worthit.feature.add_item.AddItemEvent declared in com.metes.worthit.feature.add_item.AddItemScreenKt.AddItemRoute.<no name provided>.invokeSuspend.<no name provided>.emit' type=com.metes.worthit.feature.add_item.AddItemEvent origin=null
                                        ARG $context: GET_FIELD 'FIELD FIELD_FOR_CAPTURED_VALUE name:$context type:android.content.Context visibility:public/*package*/ [final] declared in com.metes.worthit.feature.add_item.AddItemScreenKt.AddItemRoute.<no name provided>.invokeSuspend.<no name provided>' type=android.content.Context origin=null
                                          receiver: GET_VAR '<this>: com.metes.worthit.feature.add_item.AddItemScreenKt.AddItemRoute.<no name provided>.invokeSuspend.<no name provided><T of com.metes.worthit.feature.add_item.AddItemScreenKt.AddItemRoute.<no name provided>.invokeSuspend.<no name provided>> declared in com.metes.worthit.feature.add_item.AddItemScreenKt.AddItemRoute.<no name provided>.invokeSuspend.<no name provided>.emit' type=com.metes.worthit.feature.add_item.AddItemScreenKt.AddItemRoute.<no name provided>.invokeSuspend.<no name provided><T of com.metes.worthit.feature.add_item.AddItemScreenKt.AddItemRoute.<no name provided>.invokeSuspend.<no name provided>> origin=null
                                        ARG $completion: CONST Null type=kotlin.Nothing? value=null
                                    ARG $mask0: CONST Int type=kotlin.Int value=3
                                    ARG $handler: CONST Null type=kotlin.Any? value=null
                              BRANCH
                                if: CONST Boolean type=kotlin.Boolean value=true
                                then: BLOCK type=kotlin.Nothing origin=null
                                  CALL 'public final fun noWhenBranchMatchedException (): kotlin.Nothing declared in kotlin.internal.ir' type=kotlin.Nothing origin=null
                                  CALL 'public final fun throwKotlinNothingValueException (): kotlin.Nothing declared in kotlin.jvm.internal.Intrinsics' type=kotlin.Nothing origin=null
                          COMPOSITE type=kotlin.Unit origin=null
                    FUN FAKE_OVERRIDE name:equals visibility:public modality:OPEN returnType:kotlin.Boolean [fake_override,operator]
                      VALUE_PARAMETER kind:DispatchReceiver name:<this> index:0 type:kotlin.Any
                      VALUE_PARAMETER kind:Regular name:other index:1 type:kotlin.Any?
                      overridden:
                        public open fun equals (other: kotlin.Any?): kotlin.Boolean [fake_override,operator] declared in kotlinx.coroutines.flow.FlowCollector
                    FUN FAKE_OVERRIDE name:hashCode visibility:public modality:OPEN returnType:kotlin.Int [fake_override]
                      VALUE_PARAMETER kind:DispatchReceiver name:<this> index:0 type:kotlin.Any
                      overridden:
                        public open fun hashCode (): kotlin.Int [fake_override] declared in kotlinx.coroutines.flow.FlowCollector
                    FUN FAKE_OVERRIDE name:toString visibility:public modality:OPEN returnType:kotlin.String [fake_override]
                      VALUE_PARAMETER kind:DispatchReceiver name:<this> index:0 type:kotlin.Any
                      overridden:
                        public open fun toString (): kotlin.String [fake_override] declared in kotlinx.coroutines.flow.FlowCollector
                    FIELD FIELD_FOR_CAPTURED_VALUE name:$onNavigateToItems type:kotlin.Function0<kotlin.Unit> visibility:public/*package*/ [final]
                    FIELD FIELD_FOR_CAPTURED_VALUE name:$$this$LaunchedEffect type:kotlinx.coroutines.CoroutineScope visibility:public/*package*/ [final]
                    FIELD FIELD_FOR_CAPTURED_VALUE name:$snackbarHostState type:androidx.compose.material3.SnackbarHostState visibility:public/*package*/ [final]
                    FIELD FIELD_FOR_CAPTURED_VALUE name:$context type:android.content.Context visibility:public/*package*/ [final]
                    FUN BRIDGE name:emit visibility:public modality:OPEN returnType:kotlin.Any? [suspend]
                      VALUE_PARAMETER INSTANCE_RECEIVER kind:DispatchReceiver name:<this> index:0 type:com.metes.worthit.feature.add_item.AddItemScreenKt.AddItemRoute.<no name provided>.invokeSuspend.<no name provided><T of com.metes.worthit.feature.add_item.AddItemScreenKt.AddItemRoute.<no name provided>.invokeSuspend.<no name provided>>
                      VALUE_PARAMETER kind:Regular name:value index:1 type:kotlin.Any?
                      VALUE_PARAMETER CONTINUATION_CLASS kind:Regular name:$completion index:2 type:kotlin.coroutines.Continuation<kotlin.Unit>
                      EXPRESSION_BODY
                        RETURN type=kotlin.Nothing from='public open fun emit (value: kotlin.Any?, $completion: kotlin.coroutines.Continuation<kotlin.Unit>): kotlin.Any? [suspend] declared in com.metes.worthit.feature.add_item.AddItemScreenKt.AddItemRoute.<no name provided>.invokeSuspend.<no name provided>'
                          CALL 'public final fun emit (event: com.metes.worthit.feature.add_item.AddItemEvent, $completion: kotlin.coroutines.Continuation<kotlin.Unit>): kotlin.Any? [suspend] declared in com.metes.worthit.feature.add_item.AddItemScreenKt.AddItemRoute.<no name provided>.invokeSuspend.<no name provided>' type=kotlin.Any? origin=BRIDGE_DELEGATION
                            ARG <this>: GET_VAR '<this>: com.metes.worthit.feature.add_item.AddItemScreenKt.AddItemRoute.<no name provided>.invokeSuspend.<no name provided><T of com.metes.worthit.feature.add_item.AddItemScreenKt.AddItemRoute.<no name provided>.invokeSuspend.<no name provided>> declared in com.metes.worthit.feature.add_item.AddItemScreenKt.AddItemRoute.<no name provided>.invokeSuspend.<no name provided>.emit' type=com.metes.worthit.feature.add_item.AddItemScreenKt.AddItemRoute.<no name provided>.invokeSuspend.<no name provided><T of com.metes.worthit.feature.add_item.AddItemScreenKt.AddItemRoute.<no name provided>.invokeSuspend.<no name provided>> origin=null
                            ARG event: TYPE_OP type=com.metes.worthit.feature.add_item.AddItemEvent origin=IMPLICIT_CAST typeOperand=com.metes.worthit.feature.add_item.AddItemEvent
                              GET_VAR 'value: kotlin.Any? declared in com.metes.worthit.feature.add_item.AddItemScreenKt.AddItemRoute.<no name provided>.invokeSuspend.<no name provided>.emit' type=kotlin.Any? origin=null
                            ARG $completion: TYPE_OP type=kotlin.coroutines.Continuation<*> origin=IMPLICIT_CAST typeOperand=kotlin.coroutines.Continuation<*>
                              GET_VAR '$completion: kotlin.coroutines.Continuation<kotlin.Unit> declared in com.metes.worthit.feature.add_item.AddItemScreenKt.AddItemRoute.<no name provided>.invokeSuspend.<no name provided>.emit' type=kotlin.coroutines.Continuation<kotlin.Unit> origin=null
                  CONSTRUCTOR_CALL 'public/*package*/ constructor <init> ($onNavigateToItems: kotlin.Function0<kotlin.Unit>, $$this$LaunchedEffect: kotlinx.coroutines.CoroutineScope, $snackbarHostState: androidx.compose.material3.SnackbarHostState, $context: android.content.Context) [primary] declared in com.metes.worthit.feature.add_item.AddItemScreenKt.AddItemRoute.<no name provided>.invokeSuspend.<no name provided>' type=com.metes.worthit.feature.add_item.AddItemScreenKt.AddItemRoute.<no name provided>.invokeSuspend.<no name provided><T of com.metes.worthit.feature.add_item.AddItemScreenKt.AddItemRoute.<no name provided>.invokeSuspend.<no name provided>> origin=null
                    TYPE_ARG (of class) T: <none>
                    ARG $onNavigateToItems: GET_FIELD 'FIELD FIELD_FOR_CAPTURED_VALUE name:$onNavigateToItems type:kotlin.Function0<kotlin.Unit> visibility:public/*package*/ [final] declared in com.metes.worthit.feature.add_item.AddItemScreenKt.AddItemRoute.<no name provided>' type=kotlin.Function0<kotlin.Unit> origin=null
                      receiver: GET_VAR '<this>: com.metes.worthit.feature.add_item.AddItemScreenKt.AddItemRoute.<no name provided> declared in com.metes.worthit.feature.add_item.AddItemScreenKt.AddItemRoute.<no name provided>.invokeSuspend' type=com.metes.worthit.feature.add_item.AddItemScreenKt.AddItemRoute.<no name provided> origin=null
                    ARG $$this$LaunchedEffect: GET_VAR 'val $this$LaunchedEffect: kotlinx.coroutines.CoroutineScope [val] declared in com.metes.worthit.feature.add_item.AddItemScreenKt.AddItemRoute.<no name provided>.invokeSuspend' type=kotlinx.coroutines.CoroutineScope origin=null
                    ARG $snackbarHostState: GET_FIELD 'FIELD FIELD_FOR_CAPTURED_VALUE name:$snackbarHostState type:androidx.compose.material3.SnackbarHostState visibility:public/*package*/ [final] declared in com.metes.worthit.feature.add_item.AddItemScreenKt.AddItemRoute.<no name provided>' type=androidx.compose.material3.SnackbarHostState origin=null
                      receiver: GET_VAR '<this>: com.metes.worthit.feature.add_item.AddItemScreenKt.AddItemRoute.<no name provided> declared in com.metes.worthit.feature.add_item.AddItemScreenKt.AddItemRoute.<no name provided>.invokeSuspend' type=com.metes.worthit.feature.add_item.AddItemScreenKt.AddItemRoute.<no name provided> origin=null
                    ARG $context: GET_FIELD 'FIELD FIELD_FOR_CAPTURED_VALUE name:$context type:android.content.Context visibility:public/*package*/ [final] declared in com.metes.worthit.feature.add_item.AddItemScreenKt.AddItemRoute.<no name provided>' type=android.content.Context origin=null
                      receiver: GET_VAR '<this>: com.metes.worthit.feature.add_item.AddItemScreenKt.AddItemRoute.<no name provided> declared in com.metes.worthit.feature.add_item.AddItemScreenKt.AddItemRoute.<no name provided>.invokeSuspend' type=com.metes.worthit.feature.add_item.AddItemScreenKt.AddItemRoute.<no name provided> origin=null
                ARG $completion: GET_VAR '<this>: com.metes.worthit.feature.add_item.AddItemScreenKt.AddItemRoute.<no name provided> declared in com.metes.worthit.feature.add_item.AddItemScreenKt.AddItemRoute.<no name provided>.invokeSuspend' type=com.metes.worthit.feature.add_item.AddItemScreenKt.AddItemRoute.<no name provided> origin=null
          FUN name:create visibility:public modality:FINAL returnType:kotlin.coroutines.Continuation<kotlin.Unit>
            VALUE_PARAMETER INSTANCE_RECEIVER kind:DispatchReceiver name:<this> index:0 type:com.metes.worthit.feature.add_item.AddItemScreenKt.AddItemRoute.<no name provided>
            VALUE_PARAMETER kind:Regular name:value index:1 type:kotlin.Any?
            VALUE_PARAMETER kind:Regular name:$completion index:2 type:kotlin.coroutines.Continuation<kotlin.Nothing>
            overridden:
              public open fun create (value: kotlin.Any?, $completion: kotlin.coroutines.Continuation<kotlin.Nothing>): kotlin.coroutines.Continuation<kotlin.Unit> declared in kotlin.coroutines.jvm.internal.SuspendLambda
            BLOCK_BODY
              VAR IR_TEMPORARY_VARIABLE name:tmp0_result type:com.metes.worthit.feature.add_item.AddItemScreenKt.AddItemRoute.<no name provided> [val]
                CONSTRUCTOR_CALL 'public/*package*/ constructor <init> ($viewModel: com.metes.worthit.feature.add_item.AddItemViewModel, $onNavigateToItems: kotlin.Function0<kotlin.Unit>, $snackbarHostState: androidx.compose.material3.SnackbarHostState, $context: android.content.Context, $completion: kotlin.coroutines.Continuation<com.metes.worthit.feature.add_item.AddItemScreenKt.AddItemRoute.<no name provided>>?) [primary] declared in com.metes.worthit.feature.add_item.AddItemScreenKt.AddItemRoute.<no name provided>' type=com.metes.worthit.feature.add_item.AddItemScreenKt.AddItemRoute.<no name provided> origin=null
                  ARG $viewModel: GET_FIELD 'FIELD FIELD_FOR_CAPTURED_VALUE name:$viewModel type:com.metes.worthit.feature.add_item.AddItemViewModel visibility:public/*package*/ [final] declared in com.metes.worthit.feature.add_item.AddItemScreenKt.AddItemRoute.<no name provided>' type=com.metes.worthit.feature.add_item.AddItemViewModel origin=null
                    receiver: GET_VAR '<this>: com.metes.worthit.feature.add_item.AddItemScreenKt.AddItemRoute.<no name provided> declared in com.metes.worthit.feature.add_item.AddItemScreenKt.AddItemRoute.<no name provided>.create' type=com.metes.worthit.feature.add_item.AddItemScreenKt.AddItemRoute.<no name provided> origin=null
                  ARG $onNavigateToItems: GET_FIELD 'FIELD FIELD_FOR_CAPTURED_VALUE name:$onNavigateToItems type:kotlin.Function0<kotlin.Unit> visibility:public/*package*/ [final] declared in com.metes.worthit.feature.add_item.AddItemScreenKt.AddItemRoute.<no name provided>' type=kotlin.Function0<kotlin.Unit> origin=null
                    receiver: GET_VAR '<this>: com.metes.worthit.feature.add_item.AddItemScreenKt.AddItemRoute.<no name provided> declared in com.metes.worthit.feature.add_item.AddItemScreenKt.AddItemRoute.<no name provided>.create' type=com.metes.worthit.feature.add_item.AddItemScreenKt.AddItemRoute.<no name provided> origin=null
                  ARG $snackbarHostState: GET_FIELD 'FIELD FIELD_FOR_CAPTURED_VALUE name:$snackbarHostState type:androidx.compose.material3.SnackbarHostState visibility:public/*package*/ [final] declared in com.metes.worthit.feature.add_item.AddItemScreenKt.AddItemRoute.<no name provided>' type=androidx.compose.material3.SnackbarHostState origin=null
                    receiver: GET_VAR '<this>: com.metes.worthit.feature.add_item.AddItemScreenKt.AddItemRoute.<no name provided> declared in com.metes.worthit.feature.add_item.AddItemScreenKt.AddItemRoute.<no name provided>.create' type=com.metes.worthit.feature.add_item.AddItemScreenKt.AddItemRoute.<no name provided> origin=null
                  ARG $context: GET_FIELD 'FIELD FIELD_FOR_CAPTURED_VALUE name:$context type:android.content.Context visibility:public/*package*/ [final] declared in com.metes.worthit.feature.add_item.AddItemScreenKt.AddItemRoute.<no name provided>' type=android.content.Context origin=null
                    receiver: GET_VAR '<this>: com.metes.worthit.feature.add_item.AddItemScreenKt.AddItemRoute.<no name provided> declared in com.metes.worthit.feature.add_item.AddItemScreenKt.AddItemRoute.<no name provided>.create' type=com.metes.worthit.feature.add_item.AddItemScreenKt.AddItemRoute.<no name provided> origin=null
                  ARG $completion: GET_VAR '$completion: kotlin.coroutines.Continuation<kotlin.Nothing> declared in com.metes.worthit.feature.add_item.AddItemScreenKt.AddItemRoute.<no name provided>.create' type=kotlin.coroutines.Continuation<kotlin.Nothing> origin=null
              SET_FIELD 'FIELD FIELD_FOR_CAPTURED_VALUE name:L$0 type:kotlin.Any? visibility:private declared in com.metes.worthit.feature.add_item.AddItemScreenKt.AddItemRoute.<no name provided>' type=kotlin.Unit origin=null
                receiver: GET_VAR 'val tmp0_result: com.metes.worthit.feature.add_item.AddItemScreenKt.AddItemRoute.<no name provided> [val] declared in com.metes.worthit.feature.add_item.AddItemScreenKt.AddItemRoute.<no name provided>.create' type=com.metes.worthit.feature.add_item.AddItemScreenKt.AddItemRoute.<no name provided> origin=null
                value: GET_VAR 'value: kotlin.Any? declared in com.metes.worthit.feature.add_item.AddItemScreenKt.AddItemRoute.<no name provided>.create' type=kotlin.Any? origin=null
              RETURN type=kotlin.Nothing from='public final fun create (value: kotlin.Any?, $completion: kotlin.coroutines.Continuation<kotlin.Nothing>): kotlin.coroutines.Continuation<kotlin.Unit> declared in com.metes.worthit.feature.add_item.AddItemScreenKt.AddItemRoute.<no name provided>'
                GET_VAR 'val tmp0_result: com.metes.worthit.feature.add_item.AddItemScreenKt.AddItemRoute.<no name provided> [val] declared in com.metes.worthit.feature.add_item.AddItemScreenKt.AddItemRoute.<no name provided>.create' type=com.metes.worthit.feature.add_item.AddItemScreenKt.AddItemRoute.<no name provided> origin=null
          FUN name:invoke visibility:public modality:FINAL returnType:kotlin.Any?
            VALUE_PARAMETER INSTANCE_RECEIVER kind:DispatchReceiver name:<this> index:0 type:com.metes.worthit.feature.add_item.AddItemScreenKt.AddItemRoute.<no name provided>
            VALUE_PARAMETER kind:Regular name:p1 index:1 type:kotlinx.coroutines.CoroutineScope
            VALUE_PARAMETER kind:Regular name:p2 index:2 type:kotlin.coroutines.Continuation<kotlin.Unit>?
            overridden:
              public abstract fun invoke (p1: P1 of kotlin.jvm.functions.Function2, p2: P2 of kotlin.jvm.functions.Function2): R of kotlin.jvm.functions.Function2 declared in kotlin.jvm.functions.Function2
            BLOCK_BODY
              RETURN type=kotlin.Nothing from='public final fun invoke (p1: kotlinx.coroutines.CoroutineScope, p2: kotlin.coroutines.Continuation<kotlin.Unit>?): kotlin.Any? declared in com.metes.worthit.feature.add_item.AddItemScreenKt.AddItemRoute.<no name provided>'
                CALL 'public final fun invokeSuspend ($result: kotlin.Result<kotlin.Any?>): kotlin.Any? declared in com.metes.worthit.feature.add_item.AddItemScreenKt.AddItemRoute.<no name provided>' type=kotlin.Any? origin=null
                  ARG <this>: TYPE_OP type=com.metes.worthit.feature.add_item.AddItemScreenKt.AddItemRoute.<no name provided> origin=IMPLICIT_CAST typeOperand=com.metes.worthit.feature.add_item.AddItemScreenKt.AddItemRoute.<no name provided>
                    CALL 'public final fun create (value: kotlin.Any?, $completion: kotlin.coroutines.Continuation<kotlin.Nothing>): kotlin.coroutines.Continuation<kotlin.Unit> declared in com.metes.worthit.feature.add_item.AddItemScreenKt.AddItemRoute.<no name provided>' type=kotlin.coroutines.Continuation<kotlin.Unit> origin=null
                      ARG <this>: GET_VAR '<this>: com.metes.worthit.feature.add_item.AddItemScreenKt.AddItemRoute.<no name provided> declared in com.metes.worthit.feature.add_item.AddItemScreenKt.AddItemRoute.<no name provided>.invoke' type=com.metes.worthit.feature.add_item.AddItemScreenKt.AddItemRoute.<no name provided> origin=null
                      ARG value: GET_VAR 'p1: kotlinx.coroutines.CoroutineScope declared in com.metes.worthit.feature.add_item.AddItemScreenKt.AddItemRoute.<no name provided>.invoke' type=kotlinx.coroutines.CoroutineScope origin=null
                      ARG $completion: GET_VAR 'p2: kotlin.coroutines.Continuation<kotlin.Unit>? declared in com.metes.worthit.feature.add_item.AddItemScreenKt.AddItemRoute.<no name provided>.invoke' type=kotlin.coroutines.Continuation<kotlin.Unit>? origin=null
                  ARG $result: CALL 'public final fun <unsafe-coerce> <T, R> (v: T of kotlin.jvm.internal.<unsafe-coerce>): R of kotlin.jvm.internal.<unsafe-coerce> declared in kotlin.jvm.internal' type=kotlin.Result<kotlin.Any?> origin=null
                    TYPE_ARG T: kotlin.Any?
                    TYPE_ARG R: kotlin.Result<kotlin.Any?>
                    ARG v: GET_FIELD 'FIELD FIELD_FOR_OBJECT_INSTANCE name:INSTANCE type:kotlin.Unit visibility:public [final,static] declared in kotlin.Unit' type=kotlin.Unit origin=null
          FIELD FIELD_FOR_CAPTURED_VALUE name:$viewModel type:com.metes.worthit.feature.add_item.AddItemViewModel visibility:public/*package*/ [final]
          FIELD FIELD_FOR_CAPTURED_VALUE name:$onNavigateToItems type:kotlin.Function0<kotlin.Unit> visibility:public/*package*/ [final]
          FIELD FIELD_FOR_CAPTURED_VALUE name:$snackbarHostState type:androidx.compose.material3.SnackbarHostState visibility:public/*package*/ [final]
          FIELD FIELD_FOR_CAPTURED_VALUE name:$context type:android.content.Context visibility:public/*package*/ [final]
          FUN BRIDGE name:invoke visibility:public modality:OPEN returnType:kotlin.Any?
            VALUE_PARAMETER INSTANCE_RECEIVER kind:DispatchReceiver name:<this> index:0 type:com.metes.worthit.feature.add_item.AddItemScreenKt.AddItemRoute.<no name provided>
            VALUE_PARAMETER kind:Regular name:p1 index:1 type:kotlin.Any?
            VALUE_PARAMETER kind:Regular name:p2 index:2 type:kotlin.Any?
            EXPRESSION_BODY
              RETURN type=kotlin.Nothing from='public open fun invoke (p1: kotlin.Any?, p2: kotlin.Any?): kotlin.Any? declared in com.metes.worthit.feature.add_item.AddItemScreenKt.AddItemRoute.<no name provided>'
                CALL 'public final fun invoke (p1: kotlinx.coroutines.CoroutineScope, p2: kotlin.coroutines.Continuation<kotlin.Unit>?): kotlin.Any? declared in com.metes.worthit.feature.add_item.AddItemScreenKt.AddItemRoute.<no name provided>' type=kotlin.Any? origin=BRIDGE_DELEGATION
                  ARG <this>: GET_VAR '<this>: com.metes.worthit.feature.add_item.AddItemScreenKt.AddItemRoute.<no name provided> declared in com.metes.worthit.feature.add_item.AddItemScreenKt.AddItemRoute.<no name provided>.invoke' type=com.metes.worthit.feature.add_item.AddItemScreenKt.AddItemRoute.<no name provided> origin=null
                  ARG p1: TYPE_OP type=kotlinx.coroutines.CoroutineScope origin=IMPLICIT_CAST typeOperand=kotlinx.coroutines.CoroutineScope
                    GET_VAR 'p1: kotlin.Any? declared in com.metes.worthit.feature.add_item.AddItemScreenKt.AddItemRoute.<no name provided>.invoke' type=kotlin.Any? origin=null
                  ARG p2: TYPE_OP type=kotlin.coroutines.Continuation<*> origin=IMPLICIT_CAST typeOperand=kotlin.coroutines.Continuation<*>
                    GET_VAR 'p2: kotlin.Any? declared in com.metes.worthit.feature.add_item.AddItemScreenKt.AddItemRoute.<no name provided>.invoke' type=kotlin.Any? origin=null
        CONSTRUCTOR_CALL 'public/*package*/ constructor <init> ($viewModel: com.metes.worthit.feature.add_item.AddItemViewModel, $onNavigateToItems: kotlin.Function0<kotlin.Unit>, $snackbarHostState: androidx.compose.material3.SnackbarHostState, $context: android.content.Context, $completion: kotlin.coroutines.Continuation<com.metes.worthit.feature.add_item.AddItemScreenKt.AddItemRoute.<no name provided>>?) [primary] declared in com.metes.worthit.feature.add_item.AddItemScreenKt.AddItemRoute.<no name provided>' type=com.metes.worthit.feature.add_item.AddItemScreenKt.AddItemRoute.<no name provided> origin=null
          ARG $viewModel: GET_VAR 'viewModel: com.metes.worthit.feature.add_item.AddItemViewModel declared in com.metes.worthit.feature.add_item.AddItemScreenKt.AddItemRoute' type=com.metes.worthit.feature.add_item.AddItemViewModel origin=null
          ARG $onNavigateToItems: GET_VAR 'onNavigateToItems: kotlin.Function0<kotlin.Unit> declared in com.metes.worthit.feature.add_item.AddItemScreenKt.AddItemRoute' type=kotlin.Function0<kotlin.Unit> origin=null
          ARG $snackbarHostState: GET_VAR 'val snackbarHostState: androidx.compose.material3.SnackbarHostState [val] declared in com.metes.worthit.feature.add_item.AddItemScreenKt.AddItemRoute' type=androidx.compose.material3.SnackbarHostState origin=null
          ARG $context: GET_VAR 'val context: android.content.Context [val] declared in com.metes.worthit.feature.add_item.AddItemScreenKt.AddItemRoute' type=android.content.Context origin=null
          ARG $completion: CONST Null type=kotlin.Nothing? value=null
    CALL 'public final fun LaunchedEffect (key1: kotlin.Any?, block: @[ExtensionFunctionType] kotlin.coroutines.SuspendFunction1<kotlinx.coroutines.CoroutineScope, kotlin.Unit>): kotlin.Unit declared in androidx.compose.runtime.EffectsKt' type=kotlin.Unit origin=null
      ARG key1: GET_VAR 'imageUri: android.net.Uri? declared in com.metes.worthit.feature.add_item.AddItemScreenKt.AddItemRoute' type=android.net.Uri? origin=null
      ARG block: BLOCK type=com.metes.worthit.feature.add_item.AddItemScreenKt.AddItemRoute.<no name provided> origin=null
        CLASS SUSPEND_LAMBDA CLASS name:<no name provided> modality:FINAL visibility:public/*package*/ superTypes:[kotlin.coroutines.jvm.internal.SuspendLambda; kotlin.jvm.functions.Function2<kotlinx.coroutines.CoroutineScope, kotlin.coroutines.Continuation<kotlin.Unit>?, kotlin.Any?>]
          thisReceiver: VALUE_PARAMETER INSTANCE_RECEIVER kind:DispatchReceiver name:<this> type:com.metes.worthit.feature.add_item.AddItemScreenKt.AddItemRoute.<no name provided>
          FIELD name:label type:kotlin.Int visibility:public/*package*/
          CONSTRUCTOR SUSPEND_LAMBDA visibility:public/*package*/ returnType:com.metes.worthit.feature.add_item.AddItemScreenKt.AddItemRoute.<no name provided> [primary]
            VALUE_PARAMETER BOUND_VALUE_PARAMETER kind:Regular name:$imageUri index:0 type:android.net.Uri?
            VALUE_PARAMETER BOUND_VALUE_PARAMETER kind:Regular name:$viewModel index:1 type:com.metes.worthit.feature.add_item.AddItemViewModel
            VALUE_PARAMETER kind:Regular name:$completion index:2 type:kotlin.coroutines.Continuation<com.metes.worthit.feature.add_item.AddItemScreenKt.AddItemRoute.<no name provided>>?
            BLOCK_BODY
              SET_FIELD 'FIELD FIELD_FOR_CAPTURED_VALUE name:$imageUri type:android.net.Uri? visibility:public/*package*/ [final] declared in com.metes.worthit.feature.add_item.AddItemScreenKt.AddItemRoute.<no name provided>' type=kotlin.Unit origin=INITIALIZER_OF_FIELD_FOR_CAPTURED_VALUE
                receiver: GET_VAR '<this>: com.metes.worthit.feature.add_item.AddItemScreenKt.AddItemRoute.<no name provided> declared in com.metes.worthit.feature.add_item.AddItemScreenKt.AddItemRoute.<no name provided>' type=com.metes.worthit.feature.add_item.AddItemScreenKt.AddItemRoute.<no name provided> origin=null
                value: GET_VAR '$imageUri: android.net.Uri? declared in com.metes.worthit.feature.add_item.AddItemScreenKt.AddItemRoute.<no name provided>.<init>' type=android.net.Uri? origin=null
              SET_FIELD 'FIELD FIELD_FOR_CAPTURED_VALUE name:$viewModel type:com.metes.worthit.feature.add_item.AddItemViewModel visibility:public/*package*/ [final] declared in com.metes.worthit.feature.add_item.AddItemScreenKt.AddItemRoute.<no name provided>' type=kotlin.Unit origin=INITIALIZER_OF_FIELD_FOR_CAPTURED_VALUE
                receiver: GET_VAR '<this>: com.metes.worthit.feature.add_item.AddItemScreenKt.AddItemRoute.<no name provided> declared in com.metes.worthit.feature.add_item.AddItemScreenKt.AddItemRoute.<no name provided>' type=com.metes.worthit.feature.add_item.AddItemScreenKt.AddItemRoute.<no name provided> origin=null
                value: GET_VAR '$viewModel: com.metes.worthit.feature.add_item.AddItemViewModel declared in com.metes.worthit.feature.add_item.AddItemScreenKt.AddItemRoute.<no name provided>.<init>' type=com.metes.worthit.feature.add_item.AddItemViewModel origin=null
              DELEGATING_CONSTRUCTOR_CALL 'public constructor <init> (arity: kotlin.Int, $completion: kotlin.coroutines.Continuation<kotlin.Any?>?) declared in kotlin.coroutines.jvm.internal.SuspendLambda'
                ARG arity: CONST Int type=kotlin.Int value=2
                ARG $completion: GET_VAR '$completion: kotlin.coroutines.Continuation<com.metes.worthit.feature.add_item.AddItemScreenKt.AddItemRoute.<no name provided>>? declared in com.metes.worthit.feature.add_item.AddItemScreenKt.AddItemRoute.<no name provided>.<init>' type=kotlin.coroutines.Continuation<com.metes.worthit.feature.add_item.AddItemScreenKt.AddItemRoute.<no name provided>>? origin=null
              BLOCK type=kotlin.Unit origin=null
          FUN name:invokeSuspend visibility:public modality:FINAL returnType:kotlin.Any?
            VALUE_PARAMETER INSTANCE_RECEIVER kind:DispatchReceiver name:<this> index:0 type:com.metes.worthit.feature.add_item.AddItemScreenKt.AddItemRoute.<no name provided>
            VALUE_PARAMETER kind:Regular name:$result index:1 type:kotlin.Result<kotlin.Any?>
            overridden:
              protected abstract fun invokeSuspend ($result: kotlin.Result<kotlin.Any?>): kotlin.Any? declared in kotlin.coroutines.jvm.internal.SuspendLambda
            BLOCK_BODY
              WHEN type=kotlin.Unit origin=IF
                BRANCH
                  if: CALL 'public final fun not (): kotlin.Boolean [operator] declared in kotlin.Boolean' type=kotlin.Boolean origin=EXCLEQ
                    ARG <this>: CALL 'public final fun EQEQ (arg0: kotlin.Any?, arg1: kotlin.Any?): kotlin.Boolean declared in kotlin.internal.ir' type=kotlin.Boolean origin=EXCLEQ
                      ARG arg0: GET_FIELD 'FIELD FIELD_FOR_CAPTURED_VALUE name:$imageUri type:android.net.Uri? visibility:public/*package*/ [final] declared in com.metes.worthit.feature.add_item.AddItemScreenKt.AddItemRoute.<no name provided>' type=android.net.Uri? origin=null
                        receiver: GET_VAR '<this>: com.metes.worthit.feature.add_item.AddItemScreenKt.AddItemRoute.<no name provided> declared in com.metes.worthit.feature.add_item.AddItemScreenKt.AddItemRoute.<no name provided>.invokeSuspend' type=com.metes.worthit.feature.add_item.AddItemScreenKt.AddItemRoute.<no name provided> origin=null
                      ARG arg1: CONST Null type=kotlin.Nothing? value=null
                  then: BLOCK type=kotlin.Unit origin=null
                    CALL 'public final fun processCommand (command: com.metes.worthit.feature.add_item.AddItemCommand): kotlin.Unit declared in com.metes.worthit.feature.add_item.AddItemViewModel' type=kotlin.Unit origin=null
                      ARG <this>: GET_FIELD 'FIELD FIELD_FOR_CAPTURED_VALUE name:$viewModel type:com.metes.worthit.feature.add_item.AddItemViewModel visibility:public/*package*/ [final] declared in com.metes.worthit.feature.add_item.AddItemScreenKt.AddItemRoute.<no name provided>' type=com.metes.worthit.feature.add_item.AddItemViewModel origin=null
                        receiver: GET_VAR '<this>: com.metes.worthit.feature.add_item.AddItemScreenKt.AddItemRoute.<no name provided> declared in com.metes.worthit.feature.add_item.AddItemScreenKt.AddItemRoute.<no name provided>.invokeSuspend' type=com.metes.worthit.feature.add_item.AddItemScreenKt.AddItemRoute.<no name provided> origin=null
                      ARG command: CONSTRUCTOR_CALL 'public constructor <init> (uri: android.net.Uri) [primary] declared in com.metes.worthit.feature.add_item.AddItemCommand.SelectImage' type=com.metes.worthit.feature.add_item.AddItemCommand.SelectImage origin=null
                        ARG uri: TYPE_OP type=android.net.Uri origin=IMPLICIT_CAST typeOperand=android.net.Uri
                          GET_FIELD 'FIELD FIELD_FOR_CAPTURED_VALUE name:$imageUri type:android.net.Uri? visibility:public/*package*/ [final] declared in com.metes.worthit.feature.add_item.AddItemScreenKt.AddItemRoute.<no name provided>' type=android.net.Uri? origin=null
                            receiver: GET_VAR '<this>: com.metes.worthit.feature.add_item.AddItemScreenKt.AddItemRoute.<no name provided> declared in com.metes.worthit.feature.add_item.AddItemScreenKt.AddItemRoute.<no name provided>.invokeSuspend' type=com.metes.worthit.feature.add_item.AddItemScreenKt.AddItemRoute.<no name provided> origin=null
          FUN name:create visibility:public modality:FINAL returnType:kotlin.coroutines.Continuation<kotlin.Unit>
            VALUE_PARAMETER INSTANCE_RECEIVER kind:DispatchReceiver name:<this> index:0 type:com.metes.worthit.feature.add_item.AddItemScreenKt.AddItemRoute.<no name provided>
            VALUE_PARAMETER kind:Regular name:value index:1 type:kotlin.Any?
            VALUE_PARAMETER kind:Regular name:$completion index:2 type:kotlin.coroutines.Continuation<kotlin.Nothing>
            overridden:
              public open fun create (value: kotlin.Any?, $completion: kotlin.coroutines.Continuation<kotlin.Nothing>): kotlin.coroutines.Continuation<kotlin.Unit> declared in kotlin.coroutines.jvm.internal.SuspendLambda
            BLOCK_BODY
              RETURN type=kotlin.Nothing from='public final fun create (value: kotlin.Any?, $completion: kotlin.coroutines.Continuation<kotlin.Nothing>): kotlin.coroutines.Continuation<kotlin.Unit> declared in com.metes.worthit.feature.add_item.AddItemScreenKt.AddItemRoute.<no name provided>'
                CONSTRUCTOR_CALL 'public/*package*/ constructor <init> ($imageUri: android.net.Uri?, $viewModel: com.metes.worthit.feature.add_item.AddItemViewModel, $completion: kotlin.coroutines.Continuation<com.metes.worthit.feature.add_item.AddItemScreenKt.AddItemRoute.<no name provided>>?) [primary] declared in com.metes.worthit.feature.add_item.AddItemScreenKt.AddItemRoute.<no name provided>' type=com.metes.worthit.feature.add_item.AddItemScreenKt.AddItemRoute.<no name provided> origin=null
                  ARG $imageUri: GET_FIELD 'FIELD FIELD_FOR_CAPTURED_VALUE name:$imageUri type:android.net.Uri? visibility:public/*package*/ [final] declared in com.metes.worthit.feature.add_item.AddItemScreenKt.AddItemRoute.<no name provided>' type=android.net.Uri? origin=null
                    receiver: GET_VAR '<this>: com.metes.worthit.feature.add_item.AddItemScreenKt.AddItemRoute.<no name provided> declared in com.metes.worthit.feature.add_item.AddItemScreenKt.AddItemRoute.<no name provided>.create' type=com.metes.worthit.feature.add_item.AddItemScreenKt.AddItemRoute.<no name provided> origin=null
                  ARG $viewModel: GET_FIELD 'FIELD FIELD_FOR_CAPTURED_VALUE name:$viewModel type:com.metes.worthit.feature.add_item.AddItemViewModel visibility:public/*package*/ [final] declared in com.metes.worthit.feature.add_item.AddItemScreenKt.AddItemRoute.<no name provided>' type=com.metes.worthit.feature.add_item.AddItemViewModel origin=null
                    receiver: GET_VAR '<this>: com.metes.worthit.feature.add_item.AddItemScreenKt.AddItemRoute.<no name provided> declared in com.metes.worthit.feature.add_item.AddItemScreenKt.AddItemRoute.<no name provided>.create' type=com.metes.worthit.feature.add_item.AddItemScreenKt.AddItemRoute.<no name provided> origin=null
                  ARG $completion: GET_VAR '$completion: kotlin.coroutines.Continuation<kotlin.Nothing> declared in com.metes.worthit.feature.add_item.AddItemScreenKt.AddItemRoute.<no name provided>.create' type=kotlin.coroutines.Continuation<kotlin.Nothing> origin=null
          FUN name:invoke visibility:public modality:FINAL returnType:kotlin.Any?
            VALUE_PARAMETER INSTANCE_RECEIVER kind:DispatchReceiver name:<this> index:0 type:com.metes.worthit.feature.add_item.AddItemScreenKt.AddItemRoute.<no name provided>
            VALUE_PARAMETER kind:Regular name:p1 index:1 type:kotlinx.coroutines.CoroutineScope
            VALUE_PARAMETER kind:Regular name:p2 index:2 type:kotlin.coroutines.Continuation<kotlin.Unit>?
            overridden:
              public abstract fun invoke (p1: P1 of kotlin.jvm.functions.Function2, p2: P2 of kotlin.jvm.functions.Function2): R of kotlin.jvm.functions.Function2 declared in kotlin.jvm.functions.Function2
            BLOCK_BODY
              RETURN type=kotlin.Nothing from='public final fun invoke (p1: kotlinx.coroutines.CoroutineScope, p2: kotlin.coroutines.Continuation<kotlin.Unit>?): kotlin.Any? declared in com.metes.worthit.feature.add_item.AddItemScreenKt.AddItemRoute.<no name provided>'
                CALL 'public final fun invokeSuspend ($result: kotlin.Result<kotlin.Any?>): kotlin.Any? declared in com.metes.worthit.feature.add_item.AddItemScreenKt.AddItemRoute.<no name provided>' type=kotlin.Any? origin=null
                  ARG <this>: TYPE_OP type=com.metes.worthit.feature.add_item.AddItemScreenKt.AddItemRoute.<no name provided> origin=IMPLICIT_CAST typeOperand=com.metes.worthit.feature.add_item.AddItemScreenKt.AddItemRoute.<no name provided>
                    CALL 'public final fun create (value: kotlin.Any?, $completion: kotlin.coroutines.Continuation<kotlin.Nothing>): kotlin.coroutines.Continuation<kotlin.Unit> declared in com.metes.worthit.feature.add_item.AddItemScreenKt.AddItemRoute.<no name provided>' type=kotlin.coroutines.Continuation<kotlin.Unit> origin=null
                      ARG <this>: GET_VAR '<this>: com.metes.worthit.feature.add_item.AddItemScreenKt.AddItemRoute.<no name provided> declared in com.metes.worthit.feature.add_item.AddItemScreenKt.AddItemRoute.<no name provided>.invoke' type=com.metes.worthit.feature.add_item.AddItemScreenKt.AddItemRoute.<no name provided> origin=null
                      ARG value: GET_VAR 'p1: kotlinx.coroutines.CoroutineScope declared in com.metes.worthit.feature.add_item.AddItemScreenKt.AddItemRoute.<no name provided>.invoke' type=kotlinx.coroutines.CoroutineScope origin=null
                      ARG $completion: GET_VAR 'p2: kotlin.coroutines.Continuation<kotlin.Unit>? declared in com.metes.worthit.feature.add_item.AddItemScreenKt.AddItemRoute.<no name provided>.invoke' type=kotlin.coroutines.Continuation<kotlin.Unit>? origin=null
                  ARG $result: CALL 'public final fun <unsafe-coerce> <T, R> (v: T of kotlin.jvm.internal.<unsafe-coerce>): R of kotlin.jvm.internal.<unsafe-coerce> declared in kotlin.jvm.internal' type=kotlin.Result<kotlin.Any?> origin=null
                    TYPE_ARG T: kotlin.Any?
                    TYPE_ARG R: kotlin.Result<kotlin.Any?>
                    ARG v: GET_FIELD 'FIELD FIELD_FOR_OBJECT_INSTANCE name:INSTANCE type:kotlin.Unit visibility:public [final,static] declared in kotlin.Unit' type=kotlin.Unit origin=null
          FIELD FIELD_FOR_CAPTURED_VALUE name:$imageUri type:android.net.Uri? visibility:public/*package*/ [final]
          FIELD FIELD_FOR_CAPTURED_VALUE name:$viewModel type:com.metes.worthit.feature.add_item.AddItemViewModel visibility:public/*package*/ [final]
          FUN BRIDGE name:invoke visibility:public modality:OPEN returnType:kotlin.Any?
            VALUE_PARAMETER INSTANCE_RECEIVER kind:DispatchReceiver name:<this> index:0 type:com.metes.worthit.feature.add_item.AddItemScreenKt.AddItemRoute.<no name provided>
            VALUE_PARAMETER kind:Regular name:p1 index:1 type:kotlin.Any?
            VALUE_PARAMETER kind:Regular name:p2 index:2 type:kotlin.Any?
            EXPRESSION_BODY
              RETURN type=kotlin.Nothing from='public open fun invoke (p1: kotlin.Any?, p2: kotlin.Any?): kotlin.Any? declared in com.metes.worthit.feature.add_item.AddItemScreenKt.AddItemRoute.<no name provided>'
                CALL 'public final fun invoke (p1: kotlinx.coroutines.CoroutineScope, p2: kotlin.coroutines.Continuation<kotlin.Unit>?): kotlin.Any? declared in com.metes.worthit.feature.add_item.AddItemScreenKt.AddItemRoute.<no name provided>' type=kotlin.Any? origin=BRIDGE_DELEGATION
                  ARG <this>: GET_VAR '<this>: com.metes.worthit.feature.add_item.AddItemScreenKt.AddItemRoute.<no name provided> declared in com.metes.worthit.feature.add_item.AddItemScreenKt.AddItemRoute.<no name provided>.invoke' type=com.metes.worthit.feature.add_item.AddItemScreenKt.AddItemRoute.<no name provided> origin=null
                  ARG p1: TYPE_OP type=kotlinx.coroutines.CoroutineScope origin=IMPLICIT_CAST typeOperand=kotlinx.coroutines.CoroutineScope
                    GET_VAR 'p1: kotlin.Any? declared in com.metes.worthit.feature.add_item.AddItemScreenKt.AddItemRoute.<no name provided>.invoke' type=kotlin.Any? origin=null
                  ARG p2: TYPE_OP type=kotlin.coroutines.Continuation<*> origin=IMPLICIT_CAST typeOperand=kotlin.coroutines.Continuation<*>
                    GET_VAR 'p2: kotlin.Any? declared in com.metes.worthit.feature.add_item.AddItemScreenKt.AddItemRoute.<no name provided>.invoke' type=kotlin.Any? origin=null
        CONSTRUCTOR_CALL 'public/*package*/ constructor <init> ($imageUri: android.net.Uri?, $viewModel: com.metes.worthit.feature.add_item.AddItemViewModel, $completion: kotlin.coroutines.Continuation<com.metes.worthit.feature.add_item.AddItemScreenKt.AddItemRoute.<no name provided>>?) [primary] declared in com.metes.worthit.feature.add_item.AddItemScreenKt.AddItemRoute.<no name provided>' type=com.metes.worthit.feature.add_item.AddItemScreenKt.AddItemRoute.<no name provided> origin=null
          ARG $imageUri: GET_VAR 'imageUri: android.net.Uri? declared in com.metes.worthit.feature.add_item.AddItemScreenKt.AddItemRoute' type=android.net.Uri? origin=null
          ARG $viewModel: GET_VAR 'viewModel: com.metes.worthit.feature.add_item.AddItemViewModel declared in com.metes.worthit.feature.add_item.AddItemScreenKt.AddItemRoute' type=com.metes.worthit.feature.add_item.AddItemViewModel origin=null
          ARG $completion: CONST Null type=kotlin.Nothing? value=null
    BLOCK type=kotlin.Unit origin=WHEN
      VAR name:currentState type:com.metes.worthit.feature.add_item.AddItemUiState [val]
        CALL 'private final fun AddItemRoute$lambda$0 ($uiState$delegate: androidx.compose.runtime.State<com.metes.worthit.feature.add_item.AddItemUiState>): com.metes.worthit.feature.add_item.AddItemUiState declared in com.metes.worthit.feature.add_item.AddItemScreenKt' type=com.metes.worthit.feature.add_item.AddItemUiState origin=GET_LOCAL_PROPERTY
          ARG $uiState$delegate: GET_VAR 'val uiState$delegate: androidx.compose.runtime.State<com.metes.worthit.feature.add_item.AddItemUiState> [val] declared in com.metes.worthit.feature.add_item.AddItemScreenKt.AddItemRoute' type=androidx.compose.runtime.State<com.metes.worthit.feature.add_item.AddItemUiState> origin=null
      WHEN type=kotlin.Unit origin=WHEN
        BRANCH
          if: CALL 'public final fun EQEQ (arg0: kotlin.Any?, arg1: kotlin.Any?): kotlin.Boolean declared in kotlin.internal.ir' type=kotlin.Boolean origin=EQEQ
            ARG arg0: GET_VAR 'val currentState: com.metes.worthit.feature.add_item.AddItemUiState [val] declared in com.metes.worthit.feature.add_item.AddItemScreenKt.AddItemRoute' type=com.metes.worthit.feature.add_item.AddItemUiState origin=null
            ARG arg1: GET_FIELD 'FIELD FIELD_FOR_OBJECT_INSTANCE name:INSTANCE type:com.metes.worthit.feature.add_item.AddItemUiState.Loading visibility:public [final,static] declared in com.metes.worthit.feature.add_item.AddItemUiState.Loading' type=com.metes.worthit.feature.add_item.AddItemUiState.Loading origin=null
          then: CALL 'public final fun LoadingScreen$default (modifier: androidx.compose.ui.Modifier?, $mask0: kotlin.Int, $handler: kotlin.Any?): kotlin.Unit declared in com.metes.worthit.core.designsystem.component.other.LoadingScreenKt' type=kotlin.Unit origin=DEFAULT_DISPATCH_CALL
            ARG modifier: COMPOSITE type=androidx.compose.ui.Modifier? origin=DEFAULT_VALUE
              CONST Null type=androidx.compose.ui.Modifier? value=null
            ARG $mask0: CONST Int type=kotlin.Int value=1
            ARG $handler: CONST Null type=kotlin.Any? value=null
        BRANCH
          if: TYPE_OP type=kotlin.Boolean origin=INSTANCEOF typeOperand=com.metes.worthit.feature.add_item.AddItemUiState.Success
            GET_VAR 'val currentState: com.metes.worthit.feature.add_item.AddItemUiState [val] declared in com.metes.worthit.feature.add_item.AddItemScreenKt.AddItemRoute' type=com.metes.worthit.feature.add_item.AddItemUiState origin=null
          then: BLOCK type=kotlin.Unit origin=ARGUMENTS_REORDERING_FOR_CALL
            VAR IR_TEMPORARY_VARIABLE name:tmp0_uiState type:com.metes.worthit.feature.add_item.AddItemUiState.Success [val]
              TYPE_OP type=com.metes.worthit.feature.add_item.AddItemUiState.Success origin=IMPLICIT_CAST typeOperand=com.metes.worthit.feature.add_item.AddItemUiState.Success
                GET_VAR 'val currentState: com.metes.worthit.feature.add_item.AddItemUiState [val] declared in com.metes.worthit.feature.add_item.AddItemScreenKt.AddItemRoute' type=com.metes.worthit.feature.add_item.AddItemUiState origin=null
            CALL 'public final fun AddItemScreen (uiState: com.metes.worthit.feature.add_item.AddItemUiState.Success, snackbarHostState: androidx.compose.material3.SnackbarHostState, modifier: androidx.compose.ui.Modifier, onAddItemClick: kotlin.Function0<kotlin.Unit>, onNameChange: kotlin.Function1<kotlin.String, kotlin.Unit>, onPriceChange: kotlin.Function1<kotlin.String, kotlin.Unit>, onDescriptionChange: kotlin.Function1<kotlin.String, kotlin.Unit>, onBackClick: kotlin.Function0<kotlin.Unit>, onImageClick: kotlin.Function0<kotlin.Unit>, onRemoveImageClick: kotlin.Function0<kotlin.Unit>, onRemoveNameClick: kotlin.Function0<kotlin.Unit>, onRemoveDescriptionClick: kotlin.Function0<kotlin.Unit>, onCurrencyChange: kotlin.Function1<com.metes.worthit.core.domain.entity.Currency, kotlin.Unit>, onSelectBoughtDate: kotlin.Function1<kotlin.Long, kotlin.Unit>): kotlin.Unit declared in com.metes.worthit.feature.add_item.AddItemScreenKt' type=kotlin.Unit origin=null
              ARG uiState: GET_VAR 'val tmp0_uiState: com.metes.worthit.feature.add_item.AddItemUiState.Success [val] declared in com.metes.worthit.feature.add_item.AddItemScreenKt.AddItemRoute' type=com.metes.worthit.feature.add_item.AddItemUiState.Success origin=null
              ARG snackbarHostState: GET_VAR 'val snackbarHostState: androidx.compose.material3.SnackbarHostState [val] declared in com.metes.worthit.feature.add_item.AddItemScreenKt.AddItemRoute' type=androidx.compose.material3.SnackbarHostState origin=null
              ARG modifier: GET_VAR 'modifier: androidx.compose.ui.Modifier declared in com.metes.worthit.feature.add_item.AddItemScreenKt.AddItemRoute' type=androidx.compose.ui.Modifier origin=null
              ARG onAddItemClick: CALL 'public final fun <jvm-indy> <T> (dynamicCall: T of kotlin.jvm.internal.<jvm-indy>, bootstrapMethodHandle: kotlin.Any, vararg bootstrapMethodArguments: kotlin.Any): T of kotlin.jvm.internal.<jvm-indy> declared in kotlin.jvm.internal' type=kotlin.Function0<kotlin.Unit> origin=null
                TYPE_ARG T: kotlin.Function0<kotlin.Unit>
                ARG dynamicCall: CALL 'public final fun invoke (p0: com.metes.worthit.feature.add_item.AddItemViewModel): kotlin.Function0<kotlin.Unit> declared in kotlin.jvm.internal.invokeDynamic' type=kotlin.Function0<kotlin.Unit> origin=null
                  ARG p0: GET_VAR 'viewModel: com.metes.worthit.feature.add_item.AddItemViewModel declared in com.metes.worthit.feature.add_item.AddItemScreenKt.AddItemRoute' type=com.metes.worthit.feature.add_item.AddItemViewModel origin=null
                ARG bootstrapMethodHandle: CALL 'public final fun <jvm-method-handle> (tag: kotlin.Int, owner: kotlin.String, name: kotlin.String, descriptor: kotlin.String, isInterface: kotlin.Boolean): kotlin.Any declared in kotlin.jvm.internal' type=kotlin.Any origin=null
                  ARG tag: CONST Int type=kotlin.Int value=6
                  ARG owner: CONST String type=kotlin.String value="java/lang/invoke/LambdaMetafactory"
                  ARG name: CONST String type=kotlin.String value="metafactory"
                  ARG descriptor: CONST String type=kotlin.String value="(Ljava/lang/invoke/MethodHandles$Lookup;Ljava/lang/String;Ljava/lang/invoke/MethodType;Ljava/lang/invoke/MethodType;Ljava/lang/invoke/MethodHandle;Ljava/lang/invoke/MethodType;)Ljava/lang/invoke/CallSite;"
                  ARG isInterface: CONST Boolean type=kotlin.Boolean value=false
                ARG bootstrapMethodArguments: VARARG type=kotlin.Array<kotlin.Any> varargElementType=kotlin.Any
                  CALL 'public final fun <jvm-original-method-type> (method: kotlin.Any): kotlin.Any declared in kotlin.jvm.internal' type=kotlin.Any origin=null
                    ARG method: RAW_FUNCTION_REFERENCE 'public abstract fun invoke (): R of kotlin.Function0 [operator] declared in kotlin.Function0' type=kotlin.Any
                  RAW_FUNCTION_REFERENCE 'private final fun AddItemRoute$lambda$3 ($viewModel: com.metes.worthit.feature.add_item.AddItemViewModel): kotlin.Unit? declared in com.metes.worthit.feature.add_item.AddItemScreenKt' type=kotlin.Any
                  CALL 'public final fun <jvm-original-method-type> (method: kotlin.Any): kotlin.Any declared in kotlin.jvm.internal' type=kotlin.Any origin=null
                    ARG method: RAW_FUNCTION_REFERENCE 'public abstract fun invoke (): kotlin.Unit? [fake_override,operator] declared in kotlin.jvm.internal.invokeDynamic.<fake>' type=kotlin.Any
              ARG onNameChange: CALL 'public final fun <jvm-indy> <T> (dynamicCall: T of kotlin.jvm.internal.<jvm-indy>, bootstrapMethodHandle: kotlin.Any, vararg bootstrapMethodArguments: kotlin.Any): T of kotlin.jvm.internal.<jvm-indy> declared in kotlin.jvm.internal' type=kotlin.Function1<kotlin.String, kotlin.Unit> origin=null
                TYPE_ARG T: kotlin.Function1<kotlin.String, kotlin.Unit>
                ARG dynamicCall: CALL 'public final fun invoke (p0: com.metes.worthit.feature.add_item.AddItemViewModel): kotlin.Function1<kotlin.String, kotlin.Unit> declared in kotlin.jvm.internal.invokeDynamic' type=kotlin.Function1<kotlin.String, kotlin.Unit> origin=null
                  ARG p0: GET_VAR 'viewModel: com.metes.worthit.feature.add_item.AddItemViewModel declared in com.metes.worthit.feature.add_item.AddItemScreenKt.AddItemRoute' type=com.metes.worthit.feature.add_item.AddItemViewModel origin=null
                ARG bootstrapMethodHandle: CALL 'public final fun <jvm-method-handle> (tag: kotlin.Int, owner: kotlin.String, name: kotlin.String, descriptor: kotlin.String, isInterface: kotlin.Boolean): kotlin.Any declared in kotlin.jvm.internal' type=kotlin.Any origin=null
                  ARG tag: CONST Int type=kotlin.Int value=6
                  ARG owner: CONST String type=kotlin.String value="java/lang/invoke/LambdaMetafactory"
                  ARG name: CONST String type=kotlin.String value="metafactory"
                  ARG descriptor: CONST String type=kotlin.String value="(Ljava/lang/invoke/MethodHandles$Lookup;Ljava/lang/String;Ljava/lang/invoke/MethodType;Ljava/lang/invoke/MethodType;Ljava/lang/invoke/MethodHandle;Ljava/lang/invoke/MethodType;)Ljava/lang/invoke/CallSite;"
                  ARG isInterface: CONST Boolean type=kotlin.Boolean value=false
                ARG bootstrapMethodArguments: VARARG type=kotlin.Array<kotlin.Any> varargElementType=kotlin.Any
                  CALL 'public final fun <jvm-original-method-type> (method: kotlin.Any): kotlin.Any declared in kotlin.jvm.internal' type=kotlin.Any origin=null
                    ARG method: RAW_FUNCTION_REFERENCE 'public abstract fun invoke (p1: P1 of kotlin.Function1): R of kotlin.Function1 [operator] declared in kotlin.Function1' type=kotlin.Any
                  RAW_FUNCTION_REFERENCE 'private final fun AddItemRoute$lambda$4 ($viewModel: com.metes.worthit.feature.add_item.AddItemViewModel, it: kotlin.String): kotlin.Unit? declared in com.metes.worthit.feature.add_item.AddItemScreenKt' type=kotlin.Any
                  CALL 'public final fun <jvm-original-method-type> (method: kotlin.Any): kotlin.Any declared in kotlin.jvm.internal' type=kotlin.Any origin=null
                    ARG method: RAW_FUNCTION_REFERENCE 'public abstract fun invoke (p1: kotlin.String): kotlin.Unit? [fake_override,operator] declared in kotlin.jvm.internal.invokeDynamic.<fake>' type=kotlin.Any
              ARG onPriceChange: CALL 'public final fun <jvm-indy> <T> (dynamicCall: T of kotlin.jvm.internal.<jvm-indy>, bootstrapMethodHandle: kotlin.Any, vararg bootstrapMethodArguments: kotlin.Any): T of kotlin.jvm.internal.<jvm-indy> declared in kotlin.jvm.internal' type=kotlin.Function1<kotlin.String, kotlin.Unit> origin=null
                TYPE_ARG T: kotlin.Function1<kotlin.String, kotlin.Unit>
                ARG dynamicCall: CALL 'public final fun invoke (p0: com.metes.worthit.feature.add_item.AddItemViewModel): kotlin.Function1<kotlin.String, kotlin.Unit> declared in kotlin.jvm.internal.invokeDynamic' type=kotlin.Function1<kotlin.String, kotlin.Unit> origin=null
                  ARG p0: GET_VAR 'viewModel: com.metes.worthit.feature.add_item.AddItemViewModel declared in com.metes.worthit.feature.add_item.AddItemScreenKt.AddItemRoute' type=com.metes.worthit.feature.add_item.AddItemViewModel origin=null
                ARG bootstrapMethodHandle: CALL 'public final fun <jvm-method-handle> (tag: kotlin.Int, owner: kotlin.String, name: kotlin.String, descriptor: kotlin.String, isInterface: kotlin.Boolean): kotlin.Any declared in kotlin.jvm.internal' type=kotlin.Any origin=null
                  ARG tag: CONST Int type=kotlin.Int value=6
                  ARG owner: CONST String type=kotlin.String value="java/lang/invoke/LambdaMetafactory"
                  ARG name: CONST String type=kotlin.String value="metafactory"
                  ARG descriptor: CONST String type=kotlin.String value="(Ljava/lang/invoke/MethodHandles$Lookup;Ljava/lang/String;Ljava/lang/invoke/MethodType;Ljava/lang/invoke/MethodType;Ljava/lang/invoke/MethodHandle;Ljava/lang/invoke/MethodType;)Ljava/lang/invoke/CallSite;"
                  ARG isInterface: CONST Boolean type=kotlin.Boolean value=false
                ARG bootstrapMethodArguments: VARARG type=kotlin.Array<kotlin.Any> varargElementType=kotlin.Any
                  CALL 'public final fun <jvm-original-method-type> (method: kotlin.Any): kotlin.Any declared in kotlin.jvm.internal' type=kotlin.Any origin=null
                    ARG method: RAW_FUNCTION_REFERENCE 'public abstract fun invoke (p1: P1 of kotlin.Function1): R of kotlin.Function1 [operator] declared in kotlin.Function1' type=kotlin.Any
                  RAW_FUNCTION_REFERENCE 'private final fun AddItemRoute$lambda$5 ($viewModel: com.metes.worthit.feature.add_item.AddItemViewModel, it: kotlin.String): kotlin.Unit? declared in com.metes.worthit.feature.add_item.AddItemScreenKt' type=kotlin.Any
                  CALL 'public final fun <jvm-original-method-type> (method: kotlin.Any): kotlin.Any declared in kotlin.jvm.internal' type=kotlin.Any origin=null
                    ARG method: RAW_FUNCTION_REFERENCE 'public abstract fun invoke (p1: kotlin.String): kotlin.Unit? [fake_override,operator] declared in kotlin.jvm.internal.invokeDynamic.<fake>' type=kotlin.Any
              ARG onDescriptionChange: CALL 'public final fun <jvm-indy> <T> (dynamicCall: T of kotlin.jvm.internal.<jvm-indy>, bootstrapMethodHandle: kotlin.Any, vararg bootstrapMethodArguments: kotlin.Any): T of kotlin.jvm.internal.<jvm-indy> declared in kotlin.jvm.internal' type=kotlin.Function1<kotlin.String, kotlin.Unit> origin=null
                TYPE_ARG T: kotlin.Function1<kotlin.String, kotlin.Unit>
                ARG dynamicCall: CALL 'public final fun invoke (p0: com.metes.worthit.feature.add_item.AddItemViewModel): kotlin.Function1<kotlin.String, kotlin.Unit> declared in kotlin.jvm.internal.invokeDynamic' type=kotlin.Function1<kotlin.String, kotlin.Unit> origin=null
                  ARG p0: GET_VAR 'viewModel: com.metes.worthit.feature.add_item.AddItemViewModel declared in com.metes.worthit.feature.add_item.AddItemScreenKt.AddItemRoute' type=com.metes.worthit.feature.add_item.AddItemViewModel origin=null
                ARG bootstrapMethodHandle: CALL 'public final fun <jvm-method-handle> (tag: kotlin.Int, owner: kotlin.String, name: kotlin.String, descriptor: kotlin.String, isInterface: kotlin.Boolean): kotlin.Any declared in kotlin.jvm.internal' type=kotlin.Any origin=null
                  ARG tag: CONST Int type=kotlin.Int value=6
                  ARG owner: CONST String type=kotlin.String value="java/lang/invoke/LambdaMetafactory"
                  ARG name: CONST String type=kotlin.String value="metafactory"
                  ARG descriptor: CONST String type=kotlin.String value="(Ljava/lang/invoke/MethodHandles$Lookup;Ljava/lang/String;Ljava/lang/invoke/MethodType;Ljava/lang/invoke/MethodType;Ljava/lang/invoke/MethodHandle;Ljava/lang/invoke/MethodType;)Ljava/lang/invoke/CallSite;"
                  ARG isInterface: CONST Boolean type=kotlin.Boolean value=false
                ARG bootstrapMethodArguments: VARARG type=kotlin.Array<kotlin.Any> varargElementType=kotlin.Any
                  CALL 'public final fun <jvm-original-method-type> (method: kotlin.Any): kotlin.Any declared in kotlin.jvm.internal' type=kotlin.Any origin=null
                    ARG method: RAW_FUNCTION_REFERENCE 'public abstract fun invoke (p1: P1 of kotlin.Function1): R of kotlin.Function1 [operator] declared in kotlin.Function1' type=kotlin.Any
                  RAW_FUNCTION_REFERENCE 'private final fun AddItemRoute$lambda$6 ($viewModel: com.metes.worthit.feature.add_item.AddItemViewModel, it: kotlin.String): kotlin.Unit? declared in com.metes.worthit.feature.add_item.AddItemScreenKt' type=kotlin.Any
                  CALL 'public final fun <jvm-original-method-type> (method: kotlin.Any): kotlin.Any declared in kotlin.jvm.internal' type=kotlin.Any origin=null
                    ARG method: RAW_FUNCTION_REFERENCE 'public abstract fun invoke (p1: kotlin.String): kotlin.Unit? [fake_override,operator] declared in kotlin.jvm.internal.invokeDynamic.<fake>' type=kotlin.Any
              ARG onBackClick: GET_VAR 'onBackClick: kotlin.Function0<kotlin.Unit> declared in com.metes.worthit.feature.add_item.AddItemScreenKt.AddItemRoute' type=kotlin.Function0<kotlin.Unit> origin=null
              ARG onImageClick: CALL 'public final fun <jvm-indy> <T> (dynamicCall: T of kotlin.jvm.internal.<jvm-indy>, bootstrapMethodHandle: kotlin.Any, vararg bootstrapMethodArguments: kotlin.Any): T of kotlin.jvm.internal.<jvm-indy> declared in kotlin.jvm.internal' type=kotlin.Function0<kotlin.Unit> origin=null
                TYPE_ARG T: kotlin.Function0<kotlin.Unit>
                ARG dynamicCall: CALL 'public final fun invoke (p0: androidx.activity.compose.ManagedActivityResultLauncher<androidx.activity.result.PickVisualMediaRequest, android.net.Uri?>): kotlin.Function0<kotlin.Unit> declared in kotlin.jvm.internal.invokeDynamic' type=kotlin.Function0<kotlin.Unit> origin=null
                  ARG p0: GET_VAR 'val photoPicker: androidx.activity.compose.ManagedActivityResultLauncher<androidx.activity.result.PickVisualMediaRequest, android.net.Uri?> [val] declared in com.metes.worthit.feature.add_item.AddItemScreenKt.AddItemRoute' type=androidx.activity.compose.ManagedActivityResultLauncher<androidx.activity.result.PickVisualMediaRequest, android.net.Uri?> origin=null
                ARG bootstrapMethodHandle: CALL 'public final fun <jvm-method-handle> (tag: kotlin.Int, owner: kotlin.String, name: kotlin.String, descriptor: kotlin.String, isInterface: kotlin.Boolean): kotlin.Any declared in kotlin.jvm.internal' type=kotlin.Any origin=null
                  ARG tag: CONST Int type=kotlin.Int value=6
                  ARG owner: CONST String type=kotlin.String value="java/lang/invoke/LambdaMetafactory"
                  ARG name: CONST String type=kotlin.String value="metafactory"
                  ARG descriptor: CONST String type=kotlin.String value="(Ljava/lang/invoke/MethodHandles$Lookup;Ljava/lang/String;Ljava/lang/invoke/MethodType;Ljava/lang/invoke/MethodType;Ljava/lang/invoke/MethodHandle;Ljava/lang/invoke/MethodType;)Ljava/lang/invoke/CallSite;"
                  ARG isInterface: CONST Boolean type=kotlin.Boolean value=false
                ARG bootstrapMethodArguments: VARARG type=kotlin.Array<kotlin.Any> varargElementType=kotlin.Any
                  CALL 'public final fun <jvm-original-method-type> (method: kotlin.Any): kotlin.Any declared in kotlin.jvm.internal' type=kotlin.Any origin=null
                    ARG method: RAW_FUNCTION_REFERENCE 'public abstract fun invoke (): R of kotlin.Function0 [operator] declared in kotlin.Function0' type=kotlin.Any
                  RAW_FUNCTION_REFERENCE 'private final fun AddItemRoute$lambda$7 ($photoPicker: androidx.activity.compose.ManagedActivityResultLauncher<androidx.activity.result.PickVisualMediaRequest, android.net.Uri?>): kotlin.Unit? declared in com.metes.worthit.feature.add_item.AddItemScreenKt' type=kotlin.Any
                  CALL 'public final fun <jvm-original-method-type> (method: kotlin.Any): kotlin.Any declared in kotlin.jvm.internal' type=kotlin.Any origin=null
                    ARG method: RAW_FUNCTION_REFERENCE 'public abstract fun invoke (): kotlin.Unit? [fake_override,operator] declared in kotlin.jvm.internal.invokeDynamic.<fake>' type=kotlin.Any
              ARG onRemoveImageClick: CALL 'public final fun <jvm-indy> <T> (dynamicCall: T of kotlin.jvm.internal.<jvm-indy>, bootstrapMethodHandle: kotlin.Any, vararg bootstrapMethodArguments: kotlin.Any): T of kotlin.jvm.internal.<jvm-indy> declared in kotlin.jvm.internal' type=kotlin.Function0<kotlin.Unit> origin=null
                TYPE_ARG T: kotlin.Function0<kotlin.Unit>
                ARG dynamicCall: CALL 'public final fun invoke (p0: com.metes.worthit.feature.add_item.AddItemViewModel): kotlin.Function0<kotlin.Unit> declared in kotlin.jvm.internal.invokeDynamic' type=kotlin.Function0<kotlin.Unit> origin=null
                  ARG p0: GET_VAR 'viewModel: com.metes.worthit.feature.add_item.AddItemViewModel declared in com.metes.worthit.feature.add_item.AddItemScreenKt.AddItemRoute' type=com.metes.worthit.feature.add_item.AddItemViewModel origin=null
                ARG bootstrapMethodHandle: CALL 'public final fun <jvm-method-handle> (tag: kotlin.Int, owner: kotlin.String, name: kotlin.String, descriptor: kotlin.String, isInterface: kotlin.Boolean): kotlin.Any declared in kotlin.jvm.internal' type=kotlin.Any origin=null
                  ARG tag: CONST Int type=kotlin.Int value=6
                  ARG owner: CONST String type=kotlin.String value="java/lang/invoke/LambdaMetafactory"
                  ARG name: CONST String type=kotlin.String value="metafactory"
                  ARG descriptor: CONST String type=kotlin.String value="(Ljava/lang/invoke/MethodHandles$Lookup;Ljava/lang/String;Ljava/lang/invoke/MethodType;Ljava/lang/invoke/MethodType;Ljava/lang/invoke/MethodHandle;Ljava/lang/invoke/MethodType;)Ljava/lang/invoke/CallSite;"
                  ARG isInterface: CONST Boolean type=kotlin.Boolean value=false
                ARG bootstrapMethodArguments: VARARG type=kotlin.Array<kotlin.Any> varargElementType=kotlin.Any
                  CALL 'public final fun <jvm-original-method-type> (method: kotlin.Any): kotlin.Any declared in kotlin.jvm.internal' type=kotlin.Any origin=null
                    ARG method: RAW_FUNCTION_REFERENCE 'public abstract fun invoke (): R of kotlin.Function0 [operator] declared in kotlin.Function0' type=kotlin.Any
                  RAW_FUNCTION_REFERENCE 'private final fun AddItemRoute$lambda$8 ($viewModel: com.metes.worthit.feature.add_item.AddItemViewModel): kotlin.Unit? declared in com.metes.worthit.feature.add_item.AddItemScreenKt' type=kotlin.Any
                  CALL 'public final fun <jvm-original-method-type> (method: kotlin.Any): kotlin.Any declared in kotlin.jvm.internal' type=kotlin.Any origin=null
                    ARG method: RAW_FUNCTION_REFERENCE 'public abstract fun invoke (): kotlin.Unit? [fake_override,operator] declared in kotlin.jvm.internal.invokeDynamic.<fake>' type=kotlin.Any
              ARG onRemoveNameClick: CALL 'public final fun <jvm-indy> <T> (dynamicCall: T of kotlin.jvm.internal.<jvm-indy>, bootstrapMethodHandle: kotlin.Any, vararg bootstrapMethodArguments: kotlin.Any): T of kotlin.jvm.internal.<jvm-indy> declared in kotlin.jvm.internal' type=kotlin.Function0<kotlin.Unit> origin=null
                TYPE_ARG T: kotlin.Function0<kotlin.Unit>
                ARG dynamicCall: CALL 'public final fun invoke (p0: com.metes.worthit.feature.add_item.AddItemViewModel): kotlin.Function0<kotlin.Unit> declared in kotlin.jvm.internal.invokeDynamic' type=kotlin.Function0<kotlin.Unit> origin=null
                  ARG p0: GET_VAR 'viewModel: com.metes.worthit.feature.add_item.AddItemViewModel declared in com.metes.worthit.feature.add_item.AddItemScreenKt.AddItemRoute' type=com.metes.worthit.feature.add_item.AddItemViewModel origin=null
                ARG bootstrapMethodHandle: CALL 'public final fun <jvm-method-handle> (tag: kotlin.Int, owner: kotlin.String, name: kotlin.String, descriptor: kotlin.String, isInterface: kotlin.Boolean): kotlin.Any declared in kotlin.jvm.internal' type=kotlin.Any origin=null
                  ARG tag: CONST Int type=kotlin.Int value=6
                  ARG owner: CONST String type=kotlin.String value="java/lang/invoke/LambdaMetafactory"
                  ARG name: CONST String type=kotlin.String value="metafactory"
                  ARG descriptor: CONST String type=kotlin.String value="(Ljava/lang/invoke/MethodHandles$Lookup;Ljava/lang/String;Ljava/lang/invoke/MethodType;Ljava/lang/invoke/MethodType;Ljava/lang/invoke/MethodHandle;Ljava/lang/invoke/MethodType;)Ljava/lang/invoke/CallSite;"
                  ARG isInterface: CONST Boolean type=kotlin.Boolean value=false
                ARG bootstrapMethodArguments: VARARG type=kotlin.Array<kotlin.Any> varargElementType=kotlin.Any
                  CALL 'public final fun <jvm-original-method-type> (method: kotlin.Any): kotlin.Any declared in kotlin.jvm.internal' type=kotlin.Any origin=null
                    ARG method: RAW_FUNCTION_REFERENCE 'public abstract fun invoke (): R of kotlin.Function0 [operator] declared in kotlin.Function0' type=kotlin.Any
                  RAW_FUNCTION_REFERENCE 'private final fun AddItemRoute$lambda$9 ($viewModel: com.metes.worthit.feature.add_item.AddItemViewModel): kotlin.Unit? declared in com.metes.worthit.feature.add_item.AddItemScreenKt' type=kotlin.Any
                  CALL 'public final fun <jvm-original-method-type> (method: kotlin.Any): kotlin.Any declared in kotlin.jvm.internal' type=kotlin.Any origin=null
                    ARG method: RAW_FUNCTION_REFERENCE 'public abstract fun invoke (): kotlin.Unit? [fake_override,operator] declared in kotlin.jvm.internal.invokeDynamic.<fake>' type=kotlin.Any
              ARG onRemoveDescriptionClick: CALL 'public final fun <jvm-indy> <T> (dynamicCall: T of kotlin.jvm.internal.<jvm-indy>, bootstrapMethodHandle: kotlin.Any, vararg bootstrapMethodArguments: kotlin.Any): T of kotlin.jvm.internal.<jvm-indy> declared in kotlin.jvm.internal' type=kotlin.Function0<kotlin.Unit> origin=null
                TYPE_ARG T: kotlin.Function0<kotlin.Unit>
                ARG dynamicCall: CALL 'public final fun invoke (p0: com.metes.worthit.feature.add_item.AddItemViewModel): kotlin.Function0<kotlin.Unit> declared in kotlin.jvm.internal.invokeDynamic' type=kotlin.Function0<kotlin.Unit> origin=null
                  ARG p0: GET_VAR 'viewModel: com.metes.worthit.feature.add_item.AddItemViewModel declared in com.metes.worthit.feature.add_item.AddItemScreenKt.AddItemRoute' type=com.metes.worthit.feature.add_item.AddItemViewModel origin=null
                ARG bootstrapMethodHandle: CALL 'public final fun <jvm-method-handle> (tag: kotlin.Int, owner: kotlin.String, name: kotlin.String, descriptor: kotlin.String, isInterface: kotlin.Boolean): kotlin.Any declared in kotlin.jvm.internal' type=kotlin.Any origin=null
                  ARG tag: CONST Int type=kotlin.Int value=6
                  ARG owner: CONST String type=kotlin.String value="java/lang/invoke/LambdaMetafactory"
                  ARG name: CONST String type=kotlin.String value="metafactory"
                  ARG descriptor: CONST String type=kotlin.String value="(Ljava/lang/invoke/MethodHandles$Lookup;Ljava/lang/String;Ljava/lang/invoke/MethodType;Ljava/lang/invoke/MethodType;Ljava/lang/invoke/MethodHandle;Ljava/lang/invoke/MethodType;)Ljava/lang/invoke/CallSite;"
                  ARG isInterface: CONST Boolean type=kotlin.Boolean value=false
                ARG bootstrapMethodArguments: VARARG type=kotlin.Array<kotlin.Any> varargElementType=kotlin.Any
                  CALL 'public final fun <jvm-original-method-type> (method: kotlin.Any): kotlin.Any declared in kotlin.jvm.internal' type=kotlin.Any origin=null
                    ARG method: RAW_FUNCTION_REFERENCE 'public abstract fun invoke (): R of kotlin.Function0 [operator] declared in kotlin.Function0' type=kotlin.Any
                  RAW_FUNCTION_REFERENCE 'private final fun AddItemRoute$lambda$10 ($viewModel: com.metes.worthit.feature.add_item.AddItemViewModel): kotlin.Unit? declared in com.metes.worthit.feature.add_item.AddItemScreenKt' type=kotlin.Any
                  CALL 'public final fun <jvm-original-method-type> (method: kotlin.Any): kotlin.Any declared in kotlin.jvm.internal' type=kotlin.Any origin=null
                    ARG method: RAW_FUNCTION_REFERENCE 'public abstract fun invoke (): kotlin.Unit? [fake_override,operator] declared in kotlin.jvm.internal.invokeDynamic.<fake>' type=kotlin.Any
              ARG onCurrencyChange: CALL 'public final fun <jvm-indy> <T> (dynamicCall: T of kotlin.jvm.internal.<jvm-indy>, bootstrapMethodHandle: kotlin.Any, vararg bootstrapMethodArguments: kotlin.Any): T of kotlin.jvm.internal.<jvm-indy> declared in kotlin.jvm.internal' type=kotlin.Function1<com.metes.worthit.core.domain.entity.Currency, kotlin.Unit> origin=null
                TYPE_ARG T: kotlin.Function1<com.metes.worthit.core.domain.entity.Currency, kotlin.Unit>
                ARG dynamicCall: CALL 'public final fun invoke (p0: com.metes.worthit.feature.add_item.AddItemViewModel): kotlin.Function1<com.metes.worthit.core.domain.entity.Currency, kotlin.Unit> declared in kotlin.jvm.internal.invokeDynamic' type=kotlin.Function1<com.metes.worthit.core.domain.entity.Currency, kotlin.Unit> origin=null
                  ARG p0: GET_VAR 'viewModel: com.metes.worthit.feature.add_item.AddItemViewModel declared in com.metes.worthit.feature.add_item.AddItemScreenKt.AddItemRoute' type=com.metes.worthit.feature.add_item.AddItemViewModel origin=null
                ARG bootstrapMethodHandle: CALL 'public final fun <jvm-method-handle> (tag: kotlin.Int, owner: kotlin.String, name: kotlin.String, descriptor: kotlin.String, isInterface: kotlin.Boolean): kotlin.Any declared in kotlin.jvm.internal' type=kotlin.Any origin=null
                  ARG tag: CONST Int type=kotlin.Int value=6
                  ARG owner: CONST String type=kotlin.String value="java/lang/invoke/LambdaMetafactory"
                  ARG name: CONST String type=kotlin.String value="metafactory"
                  ARG descriptor: CONST String type=kotlin.String value="(Ljava/lang/invoke/MethodHandles$Lookup;Ljava/lang/String;Ljava/lang/invoke/MethodType;Ljava/lang/invoke/MethodType;Ljava/lang/invoke/MethodHandle;Ljava/lang/invoke/MethodType;)Ljava/lang/invoke/CallSite;"
                  ARG isInterface: CONST Boolean type=kotlin.Boolean value=false
                ARG bootstrapMethodArguments: VARARG type=kotlin.Array<kotlin.Any> varargElementType=kotlin.Any
                  CALL 'public final fun <jvm-original-method-type> (method: kotlin.Any): kotlin.Any declared in kotlin.jvm.internal' type=kotlin.Any origin=null
                    ARG method: RAW_FUNCTION_REFERENCE 'public abstract fun invoke (p1: P1 of kotlin.Function1): R of kotlin.Function1 [operator] declared in kotlin.Function1' type=kotlin.Any
                  RAW_FUNCTION_REFERENCE 'private final fun AddItemRoute$lambda$11 ($viewModel: com.metes.worthit.feature.add_item.AddItemViewModel, it: com.metes.worthit.core.domain.entity.Currency): kotlin.Unit? declared in com.metes.worthit.feature.add_item.AddItemScreenKt' type=kotlin.Any
                  CALL 'public final fun <jvm-original-method-type> (method: kotlin.Any): kotlin.Any declared in kotlin.jvm.internal' type=kotlin.Any origin=null
                    ARG method: RAW_FUNCTION_REFERENCE 'public abstract fun invoke (p1: com.metes.worthit.core.domain.entity.Currency): kotlin.Unit? [fake_override,operator] declared in kotlin.jvm.internal.invokeDynamic.<fake>' type=kotlin.Any
              ARG onSelectBoughtDate: CALL 'public final fun <jvm-indy> <T> (dynamicCall: T of kotlin.jvm.internal.<jvm-indy>, bootstrapMethodHandle: kotlin.Any, vararg bootstrapMethodArguments: kotlin.Any): T of kotlin.jvm.internal.<jvm-indy> declared in kotlin.jvm.internal' type=kotlin.Function1<kotlin.Long, kotlin.Unit> origin=null
                TYPE_ARG T: kotlin.Function1<kotlin.Long, kotlin.Unit>
                ARG dynamicCall: CALL 'public final fun invoke (p0: com.metes.worthit.feature.add_item.AddItemViewModel): kotlin.Function1<kotlin.Long, kotlin.Unit> declared in kotlin.jvm.internal.invokeDynamic' type=kotlin.Function1<kotlin.Long, kotlin.Unit> origin=null
                  ARG p0: GET_VAR 'viewModel: com.metes.worthit.feature.add_item.AddItemViewModel declared in com.metes.worthit.feature.add_item.AddItemScreenKt.AddItemRoute' type=com.metes.worthit.feature.add_item.AddItemViewModel origin=null
                ARG bootstrapMethodHandle: CALL 'public final fun <jvm-method-handle> (tag: kotlin.Int, owner: kotlin.String, name: kotlin.String, descriptor: kotlin.String, isInterface: kotlin.Boolean): kotlin.Any declared in kotlin.jvm.internal' type=kotlin.Any origin=null
                  ARG tag: CONST Int type=kotlin.Int value=6
                  ARG owner: CONST String type=kotlin.String value="java/lang/invoke/LambdaMetafactory"
                  ARG name: CONST String type=kotlin.String value="metafactory"
                  ARG descriptor: CONST String type=kotlin.String value="(Ljava/lang/invoke/MethodHandles$Lookup;Ljava/lang/String;Ljava/lang/invoke/MethodType;Ljava/lang/invoke/MethodType;Ljava/lang/invoke/MethodHandle;Ljava/lang/invoke/MethodType;)Ljava/lang/invoke/CallSite;"
                  ARG isInterface: CONST Boolean type=kotlin.Boolean value=false
                ARG bootstrapMethodArguments: VARARG type=kotlin.Array<kotlin.Any> varargElementType=kotlin.Any
                  CALL 'public final fun <jvm-original-method-type> (method: kotlin.Any): kotlin.Any declared in kotlin.jvm.internal' type=kotlin.Any origin=null
                    ARG method: RAW_FUNCTION_REFERENCE 'public abstract fun invoke (p1: P1 of kotlin.Function1): R of kotlin.Function1 [operator] declared in kotlin.Function1' type=kotlin.Any
                  RAW_FUNCTION_REFERENCE 'private final fun AddItemRoute$lambda$12 ($viewModel: com.metes.worthit.feature.add_item.AddItemViewModel, it: kotlin.Long): kotlin.Unit? declared in com.metes.worthit.feature.add_item.AddItemScreenKt' type=kotlin.Any
                  CALL 'public final fun <jvm-original-method-type> (method: kotlin.Any): kotlin.Any declared in kotlin.jvm.internal' type=kotlin.Any origin=null
                    ARG method: RAW_FUNCTION_REFERENCE 'public abstract fun invoke (p1: kotlin.Long?): kotlin.Unit? [fake_override,operator] declared in kotlin.jvm.internal.invokeDynamic.<fake>' type=kotlin.Any
        BRANCH
          if: CONST Boolean type=kotlin.Boolean value=true
          then: BLOCK type=kotlin.Nothing origin=null
            CALL 'public final fun noWhenBranchMatchedException (): kotlin.Nothing declared in kotlin.internal.ir' type=kotlin.Nothing origin=null
            CALL 'public final fun throwKotlinNothingValueException (): kotlin.Nothing declared in kotlin.jvm.internal.Intrinsics' type=kotlin.Nothing origin=null

	at org.jetbrains.kotlin.backend.jvm.codegen.FunctionCodegen.generate(FunctionCodegen.kt:61)
	at org.jetbrains.kotlin.backend.jvm.codegen.FunctionCodegen.generate$default(FunctionCodegen.kt:54)
	at org.jetbrains.kotlin.backend.jvm.codegen.ClassCodegen.generateMethodNode(ClassCodegen.kt:422)
	at org.jetbrains.kotlin.backend.jvm.codegen.ClassCodegen.generateMethod(ClassCodegen.kt:439)
	at org.jetbrains.kotlin.backend.jvm.codegen.ClassCodegen.generate(ClassCodegen.kt:168)
	at org.jetbrains.kotlin.backend.jvm.JvmIrCodegenFactory.generateFile(JvmIrCodegenFactory.kt:465)
	at org.jetbrains.kotlin.backend.jvm.JvmIrCodegenFactory.invokeCodegen(JvmIrCodegenFactory.kt:431)
	at org.jetbrains.kotlin.cli.jvm.compiler.KotlinToJVMBytecodeCompiler.runCodegen$org_jetbrains_kotlin_cli_jvm(KotlinToJVMBytecodeCompiler.kt:387)
	at org.jetbrains.kotlin.cli.pipeline.jvm.JvmBackendPipelinePhase.executePhase(JvmBackendPipelinePhase.kt:91)
	at org.jetbrains.kotlin.cli.pipeline.jvm.JvmBackendPipelinePhase.executePhase(JvmBackendPipelinePhase.kt:28)
	at org.jetbrains.kotlin.cli.pipeline.PipelinePhase.phaseBody(PipelinePhase.kt:63)
	at org.jetbrains.kotlin.cli.pipeline.PipelinePhase.phaseBody(PipelinePhase.kt:53)
	at org.jetbrains.kotlin.config.phaser.NamedCompilerPhase.invoke(CompilerPhase.kt:102)
	at org.jetbrains.kotlin.backend.common.phaser.CompositePhase.invoke(PhaseBuilders.kt:22)
	at org.jetbrains.kotlin.config.phaser.CompilerPhaseKt.invokeToplevel(CompilerPhase.kt:53)
	at org.jetbrains.kotlin.cli.pipeline.AbstractCliPipeline.runPhasedPipeline(AbstractCliPipeline.kt:135)
	at org.jetbrains.kotlin.cli.pipeline.AbstractCliPipeline.executeAndReturnPipeLineArtifact(AbstractCliPipeline.kt:89)
	at org.jetbrains.kotlin.cli.pipeline.AbstractCliPipeline.executeAndReturnPipeLineArtifact$default(AbstractCliPipeline.kt:49)
	at org.jetbrains.kotlin.cli.pipeline.AbstractCliPipeline.execute(AbstractCliPipeline.kt:40)
	at org.jetbrains.kotlin.cli.jvm.K2JVMCompiler.doExecutePhased(K2JVMCompiler.kt:54)
	at org.jetbrains.kotlin.cli.jvm.K2JVMCompiler.doExecutePhased(K2JVMCompiler.kt:45)
	at org.jetbrains.kotlin.cli.common.CLICompiler.execImpl(CLICompiler.kt:94)
	at org.jetbrains.kotlin.cli.common.CLICompiler.exec(CLICompiler.kt:366)
	at org.jetbrains.kotlin.incremental.IncrementalJvmCompilerRunnerBase.runCompiler(IncrementalJvmCompilerRunnerBase.kt:211)
	at org.jetbrains.kotlin.incremental.IncrementalJvmCompilerRunnerBase.runCompiler(IncrementalJvmCompilerRunnerBase.kt:53)
	at org.jetbrains.kotlin.incremental.IncrementalCompilerRunner.doCompile(IncrementalCompilerRunner.kt:539)
	at org.jetbrains.kotlin.incremental.IncrementalCompilerRunner.compileImpl(IncrementalCompilerRunner.kt:451)
	at org.jetbrains.kotlin.incremental.IncrementalCompilerRunner.compileNonIncrementally(IncrementalCompilerRunner.kt:327)
	at org.jetbrains.kotlin.incremental.IncrementalCompilerRunner.compile(IncrementalCompilerRunner.kt:139)
	at org.jetbrains.kotlin.daemon.CompileServiceImplBase.execIncrementalCompiler(CompileServiceImpl.kt:782)
	at org.jetbrains.kotlin.daemon.CompileServiceImplBase.access$execIncrementalCompiler(CompileServiceImpl.kt:108)
	at org.jetbrains.kotlin.daemon.CompileServiceImpl.compile(CompileServiceImpl.kt:2046)
	at java.base/jdk.internal.reflect.DirectMethodHandleAccessor.invoke(Unknown Source)
	at java.base/java.lang.reflect.Method.invoke(Unknown Source)
	at java.rmi/sun.rmi.server.UnicastServerRef.dispatch(Unknown Source)
	at java.rmi/sun.rmi.transport.Transport$1.run(Unknown Source)
	at java.rmi/sun.rmi.transport.Transport$1.run(Unknown Source)
	at java.base/java.security.AccessController.doPrivileged(Unknown Source)
	at java.rmi/sun.rmi.transport.Transport.serviceCall(Unknown Source)
	at java.rmi/sun.rmi.transport.tcp.TCPTransport.handleMessages(Unknown Source)
	at java.rmi/sun.rmi.transport.tcp.TCPTransport$ConnectionHandler.run0(Unknown Source)
	at java.rmi/sun.rmi.transport.tcp.TCPTransport$ConnectionHandler.lambda$run$0(Unknown Source)
	at java.base/java.security.AccessController.doPrivileged(Unknown Source)
	at java.rmi/sun.rmi.transport.tcp.TCPTransport$ConnectionHandler.run(Unknown Source)
	at java.base/java.util.concurrent.ThreadPoolExecutor.runWorker(Unknown Source)
	at java.base/java.util.concurrent.ThreadPoolExecutor$Worker.run(Unknown Source)
	at java.base/java.lang.Thread.run(Unknown Source)
Caused by: org.jetbrains.kotlin.codegen.CompilationException: Back-end (JVM) Internal error: Couldn't inline method call: CALL 'public final fun <get-current> (): T of androidx.compose.runtime.CompositionLocal [inline] declared in androidx.compose.runtime.CompositionLocal' type=android.content.Context origin=GET_PROPERTY
Method: null
File is unknown
The root cause java.lang.IllegalStateException was thrown at: org.jetbrains.kotlin.codegen.inline.SourceCompilerForInlineKt.getMethodNode(SourceCompilerForInline.kt:129)
	at org.jetbrains.kotlin.backend.jvm.codegen.IrInlineCodegen.genInlineCall(IrInlineCodegen.kt:85)
	at org.jetbrains.kotlin.backend.jvm.codegen.IrInlineCallGenerator.genCall(IrInlineCallGenerator.kt:36)
	at org.jetbrains.kotlin.backend.jvm.codegen.ExpressionCodegen.visitCall(ExpressionCodegen.kt:579)
	at org.jetbrains.kotlin.backend.jvm.codegen.ExpressionCodegen.visitCall(ExpressionCodegen.kt:141)
	at org.jetbrains.kotlin.ir.expressions.IrCall.accept(IrCall.kt:24)
	at org.jetbrains.kotlin.backend.jvm.codegen.ExpressionCodegen.visitVariable(ExpressionCodegen.kt:725)
	at org.jetbrains.kotlin.backend.jvm.codegen.ExpressionCodegen.visitVariable(ExpressionCodegen.kt:141)
	at org.jetbrains.kotlin.ir.declarations.IrVariable.accept(IrVariable.kt:36)
	at org.jetbrains.kotlin.backend.jvm.codegen.ExpressionCodegen.visitStatementContainer(ExpressionCodegen.kt:492)
	at org.jetbrains.kotlin.backend.jvm.codegen.ExpressionCodegen.visitBlockBody(ExpressionCodegen.kt:497)
	at org.jetbrains.kotlin.backend.jvm.codegen.ExpressionCodegen.visitBlockBody(ExpressionCodegen.kt:141)
	at org.jetbrains.kotlin.ir.expressions.IrBlockBody.accept(IrBlockBody.kt:20)
	at org.jetbrains.kotlin.backend.jvm.codegen.ExpressionCodegen.generate(ExpressionCodegen.kt:234)
	at org.jetbrains.kotlin.backend.jvm.codegen.FunctionCodegen.doGenerate(FunctionCodegen.kt:134)
	at org.jetbrains.kotlin.backend.jvm.codegen.FunctionCodegen.generate(FunctionCodegen.kt:58)
	... 46 more
Caused by: java.lang.IllegalStateException: couldn't find inline method Landroidx/compose/runtime/CompositionLocal;.getCurrent()Ljava/lang/Object;
	at org.jetbrains.kotlin.codegen.inline.SourceCompilerForInlineKt.getMethodNode(SourceCompilerForInline.kt:129)
	at org.jetbrains.kotlin.codegen.inline.SourceCompilerForInlineKt.loadCompiledInlineFunction$lambda$0(SourceCompilerForInline.kt:98)
	at org.jetbrains.kotlin.codegen.inline.InlineCache.computeMethodBytes(InlineCache.kt:90)
	at org.jetbrains.kotlin.codegen.inline.SourceCompilerForInlineKt.loadCompiledInlineFunction(SourceCompilerForInline.kt:93)
	at org.jetbrains.kotlin.backend.jvm.codegen.IrSourceCompilerForInline.compileInlineFunction(IrSourceCompilerForInline.kt:96)
	at org.jetbrains.kotlin.backend.jvm.codegen.IrInlineCodegen.genInlineCall(IrInlineCodegen.kt:68)
	... 60 more


error message: java.lang.RuntimeException: Exception while generating code for:
FUN name:AddItemRoute visibility:public modality:FINAL returnType:kotlin.Unit
  VALUE_PARAMETER kind:Regular name:imageUri index:0 type:android.net.Uri?
  VALUE_PARAMETER kind:Regular name:viewModel index:1 type:com.metes.worthit.feature.add_item.AddItemViewModel
  VALUE_PARAMETER kind:Regular name:onNavigateToItems index:2 type:kotlin.Function0<kotlin.Unit>
  VALUE_PARAMETER kind:Regular name:onBackClick index:3 type:kotlin.Function0<kotlin.Unit>
  VALUE_PARAMETER kind:Regular name:modifier index:4 type:androidx.compose.ui.Modifier
    EXPRESSION_BODY
      ERROR_EXPR 'Default Stub' type=androidx.compose.ui.Modifier
  annotations:
    Composable
  BLOCK_BODY
    VAR name:context type:android.content.Context [val]
      CALL 'public final fun <get-current> (): T of androidx.compose.runtime.CompositionLocal [inline] declared in androidx.compose.runtime.CompositionLocal' type=android.content.Context origin=GET_PROPERTY
        ARG <this>: TYPE_OP type=androidx.compose.runtime.CompositionLocal<T of androidx.compose.runtime.CompositionLocal> origin=IMPLICIT_CAST typeOperand=androidx.compose.runtime.CompositionLocal<T of androidx.compose.runtime.CompositionLocal>
          CALL 'public final fun <get-LocalContext> (): androidx.compose.runtime.ProvidableCompositionLocal<android.content.Context> declared in androidx.compose.ui.platform.AndroidCompositionLocals_androidKt' type=androidx.compose.runtime.ProvidableCompositionLocal<android.content.Context> origin=GET_PROPERTY
    VAR PROPERTY_DELEGATE name:uiState$delegate type:androidx.compose.runtime.State<com.metes.worthit.feature.add_item.AddItemUiState> [val]
      TYPE_OP type=androidx.compose.runtime.State<com.metes.worthit.feature.add_item.AddItemUiState> origin=IMPLICIT_CAST typeOperand=androidx.compose.runtime.State<com.metes.worthit.feature.add_item.AddItemUiState>
        CALL 'public final fun collectAsStateWithLifecycle$default <T> (<this>: kotlinx.coroutines.flow.StateFlow<T of androidx.lifecycle.compose.FlowExtKt.collectAsStateWithLifecycle$default>, lifecycleOwner: androidx.lifecycle.LifecycleOwner?, minActiveState: androidx.lifecycle.Lifecycle.State?, context: kotlin.coroutines.CoroutineContext?, $mask0: kotlin.Int, $handler: kotlin.Any?): androidx.compose.runtime.State<T of androidx.lifecycle.compose.FlowExtKt.collectAsStateWithLifecycle$default> declared in androidx.lifecycle.compose.FlowExtKt' type=androidx.compose.runtime.State<T of androidx.lifecycle.compose.FlowExtKt.collectAsStateWithLifecycle$default> origin=DEFAULT_DISPATCH_CALL
          TYPE_ARG T: com.metes.worthit.feature.add_item.AddItemUiState
          ARG <this>: CALL 'public final fun <get-uiState> (): kotlinx.coroutines.flow.StateFlow<com.metes.worthit.feature.add_item.AddItemUiState> declared in com.metes.worthit.feature.add_item.AddItemViewModel' type=kotlinx.coroutines.flow.StateFlow<com.metes.worthit.feature.add_item.AddItemUiState> origin=GET_PROPERTY
            ARG <this>: GET_VAR 'viewModel: com.metes.worthit.feature.add_item.AddItemViewModel declared in com.metes.worthit.feature.add_item.AddItemScreenKt.AddItemRoute' type=com.metes.worthit.feature.add_item.AddItemViewModel origin=null
          ARG lifecycleOwner: COMPOSITE type=androidx.lifecycle.LifecycleOwner? origin=DEFAULT_VALUE
            CONST Null type=androidx.lifecycle.LifecycleOwner? value=null
          ARG minActiveState: COMPOSITE type=androidx.lifecycle.Lifecycle.State? origin=DEFAULT_VALUE
            CONST Null type=androidx.lifecycle.Lifecycle.State? value=null
          ARG context: COMPOSITE type=kotlin.coroutines.CoroutineContext? origin=DEFAULT_VALUE
            CONST Null type=kotlin.coroutines.CoroutineContext? value=null
          ARG $mask0: CONST Int type=kotlin.Int value=7
          ARG $handler: CONST Null type=kotlin.Any? value=null
    VAR name:photoPicker type:androidx.activity.compose.ManagedActivityResultLauncher<androidx.activity.result.PickVisualMediaRequest, android.net.Uri?> [val]
      CALL 'public final fun rememberLauncherForActivityResult <I, O> (contract: androidx.activity.result.contract.ActivityResultContract<I of androidx.activity.compose.ActivityResultRegistryKt.rememberLauncherForActivityResult, O of androidx.activity.compose.ActivityResultRegistryKt.rememberLauncherForActivityResult>, onResult: kotlin.Function1<O of androidx.activity.compose.ActivityResultRegistryKt.rememberLauncherForActivityResult, kotlin.Unit>): androidx.activity.compose.ManagedActivityResultLauncher<I of androidx.activity.compose.ActivityResultRegistryKt.rememberLauncherForActivityResult, O of androidx.activity.compose.ActivityResultRegistryKt.rememberLauncherForActivityResult> declared in androidx.activity.compose.ActivityResultRegistryKt' type=androidx.activity.compose.ManagedActivityResultLauncher<androidx.activity.result.PickVisualMediaRequest, android.net.Uri?> origin=null
        TYPE_ARG I: androidx.activity.result.PickVisualMediaRequest
        TYPE_ARG O: android.net.Uri?
        ARG contract: CONSTRUCTOR_CALL 'public constructor <init> () [primary] declared in androidx.activity.result.contract.ActivityResultContracts.PickVisualMedia' type=androidx.activity.result.contract.ActivityResultContracts.PickVisualMedia origin=null
        ARG onResult: CALL 'public final fun <jvm-indy> <T> (dynamicCall: T of kotlin.jvm.internal.<jvm-indy>, bootstrapMethodHandle: kotlin.Any, vararg bootstrapMethodArguments: kotlin.Any): T of kotlin.jvm.internal.<jvm-indy> declared in kotlin.jvm.internal' type=kotlin.Function1<android.net.Uri?, kotlin.Unit> origin=null
          TYPE_ARG T: kotlin.Function1<android.net.Uri?, kotlin.Unit>
          ARG dynamicCall: CALL 'public final fun invoke (p0: com.metes.worthit.feature.add_item.AddItemViewModel): kotlin.Function1<android.net.Uri?, kotlin.Unit> declared in kotlin.jvm.internal.invokeDynamic' type=kotlin.Function1<android.net.Uri?, kotlin.Unit> origin=null
            ARG p0: GET_VAR 'viewModel: com.metes.worthit.feature.add_item.AddItemViewModel declared in com.metes.worthit.feature.add_item.AddItemScreenKt.AddItemRoute' type=com.metes.worthit.feature.add_item.AddItemViewModel origin=null
          ARG bootstrapMethodHandle: CALL 'public final fun <jvm-method-handle> (tag: kotlin.Int, owner: kotlin.String, name: kotlin.String, descriptor: kotlin.String, isInterface: kotlin.Boolean): kotlin.Any declared in kotlin.jvm.internal' type=kotlin.Any origin=null
            ARG tag: CONST Int type=kotlin.Int value=6
            ARG owner: CONST String type=kotlin.String value="java/lang/invoke/LambdaMetafactory"
            ARG name: CONST String type=kotlin.String value="metafactory"
            ARG descriptor: CONST String type=kotlin.String value="(Ljava/lang/invoke/MethodHandles$Lookup;Ljava/lang/String;Ljava/lang/invoke/MethodType;Ljava/lang/invoke/MethodType;Ljava/lang/invoke/MethodHandle;Ljava/lang/invoke/MethodType;)Ljava/lang/invoke/CallSite;"
            ARG isInterface: CONST Boolean type=kotlin.Boolean value=false
          ARG bootstrapMethodArguments: VARARG type=kotlin.Array<kotlin.Any> varargElementType=kotlin.Any
            CALL 'public final fun <jvm-original-method-type> (method: kotlin.Any): kotlin.Any declared in kotlin.jvm.internal' type=kotlin.Any origin=null
              ARG method: RAW_FUNCTION_REFERENCE 'public abstract fun invoke (p1: P1 of kotlin.Function1): R of kotlin.Function1 [operator] declared in kotlin.Function1' type=kotlin.Any
            RAW_FUNCTION_REFERENCE 'private final fun AddItemRoute$lambda$1 ($viewModel: com.metes.worthit.feature.add_item.AddItemViewModel, uri: android.net.Uri?): kotlin.Unit? declared in com.metes.worthit.feature.add_item.AddItemScreenKt' type=kotlin.Any
            CALL 'public final fun <jvm-original-method-type> (method: kotlin.Any): kotlin.Any declared in kotlin.jvm.internal' type=kotlin.Any origin=null
              ARG method: RAW_FUNCTION_REFERENCE 'public abstract fun invoke (p1: android.net.Uri?): kotlin.Unit? [fake_override,operator] declared in kotlin.jvm.internal.invokeDynamic.<fake>' type=kotlin.Any
    VAR name:snackbarHostState type:androidx.compose.material3.SnackbarHostState [val]
      CALL 'public final fun remember <T> (calculation: @[DisallowComposableCalls] kotlin.Function0<T of androidx.compose.runtime.ComposablesKt.remember>): T of androidx.compose.runtime.ComposablesKt.remember [inline] declared in androidx.compose.runtime.ComposablesKt' type=androidx.compose.material3.SnackbarHostState origin=null
        TYPE_ARG T: androidx.compose.material3.SnackbarHostState
        ARG calculation: RICH_FUNCTION_REFERENCE type=kotlin.Function0<androidx.compose.material3.SnackbarHostState> origin=INLINE_LAMBDA reflectionTarget='null'
          overriddenFunctionSymbol: public abstract fun invoke (): R of kotlin.Function0 [operator] declared in kotlin.Function0
          invoke: FUN INLINE_LAMBDA name:AddItemRoute$lambda$2 visibility:private modality:FINAL returnType:androidx.compose.material3.SnackbarHostState
            BLOCK_BODY
              VAR name:$i$a$-remember-AddItemScreenKt$AddItemRoute$snackbarHostState$1 type:kotlin.Int [val]
                CONST Int type=kotlin.Int value=0
              RETURN type=kotlin.Nothing from='private final fun AddItemRoute$lambda$2 (): androidx.compose.material3.SnackbarHostState declared in com.metes.worthit.feature.add_item.AddItemScreenKt.AddItemRoute'
                CONSTRUCTOR_CALL 'public constructor <init> () [primary] declared in androidx.compose.material3.SnackbarHostState' type=androidx.compose.material3.SnackbarHostState origin=null
    CALL 'public final fun LaunchedEffect (key1: kotlin.Any?, block: @[ExtensionFunctionType] kotlin.coroutines.SuspendFunction1<kotlinx.coroutines.CoroutineScope, kotlin.Unit>): kotlin.Unit declared in androidx.compose.runtime.EffectsKt' type=kotlin.Unit origin=null
      ARG key1: GET_FIELD 'FIELD FIELD_FOR_OBJECT_INSTANCE name:INSTANCE type:kotlin.Unit visibility:public [final,static] declared in kotlin.Unit' type=kotlin.Unit origin=null
      ARG block: BLOCK type=com.metes.worthit.feature.add_item.AddItemScreenKt.AddItemRoute.<no name provided> origin=null
        CLASS SUSPEND_LAMBDA CLASS name:<no name provided> modality:FINAL visibility:public/*package*/ superTypes:[kotlin.coroutines.jvm.internal.SuspendLambda; kotlin.jvm.functions.Function2<kotlinx.coroutines.CoroutineScope, kotlin.coroutines.Continuation<kotlin.Unit>?, kotlin.Any?>]
          thisReceiver: VALUE_PARAMETER INSTANCE_RECEIVER kind:DispatchReceiver name:<this> type:com.metes.worthit.feature.add_item.AddItemScreenKt.AddItemRoute.<no name provided>
          FIELD name:label type:kotlin.Int visibility:public/*package*/
          FIELD FIELD_FOR_CAPTURED_VALUE name:L$0 type:kotlin.Any? visibility:private
          CONSTRUCTOR SUSPEND_LAMBDA visibility:public/*package*/ returnType:com.metes.worthit.feature.add_item.AddItemScreenKt.AddItemRoute.<no name provided> [primary]
            VALUE_PARAMETER BOUND_VALUE_PARAMETER kind:Regular name:$viewModel index:0 type:com.metes.worthit.feature.add_item.AddItemViewModel
            VALUE_PARAMETER BOUND_VALUE_PARAMETER kind:Regular name:$onNavigateToItems index:1 type:kotlin.Function0<kotlin.Unit>
            VALUE_PARAMETER BOUND_VALUE_PARAMETER kind:Regular name:$snackbarHostState index:2 type:androidx.compose.material3.SnackbarHostState
            VALUE_PARAMETER BOUND_VALUE_PARAMETER kind:Regular name:$context index:3 type:android.content.Context
            VALUE_PARAMETER kind:Regular name:$completion index:4 type:kotlin.coroutines.Continuation<com.metes.worthit.feature.add_item.AddItemScreenKt.AddItemRoute.<no name provided>>?
            BLOCK_BODY
              SET_FIELD 'FIELD FIELD_FOR_CAPTURED_VALUE name:$viewModel type:com.metes.worthit.feature.add_item.AddItemViewModel visibility:public/*package*/ [final] declared in com.metes.worthit.feature.add_item.AddItemScreenKt.AddItemRoute.<no name provided>' type=kotlin.Unit origin=INITIALIZER_OF_FIELD_FOR_CAPTURED_VALUE
                receiver: GET_VAR '<this>: com.metes.worthit.feature.add_item.AddItemScreenKt.AddItemRoute.<no name provided> declared in com.metes.worthit.feature.add_item.AddItemScreenKt.AddItemRoute.<no name provided>' type=com.metes.worthit.feature.add_item.AddItemScreenKt.AddItemRoute.<no name provided> origin=null
                value: GET_VAR '$viewModel: com.metes.worthit.feature.add_item.AddItemViewModel declared in com.metes.worthit.feature.add_item.AddItemScreenKt.AddItemRoute.<no name provided>.<init>' type=com.metes.worthit.feature.add_item.AddItemViewModel origin=null
              SET_FIELD 'FIELD FIELD_FOR_CAPTURED_VALUE name:$onNavigateToItems type:kotlin.Function0<kotlin.Unit> visibility:public/*package*/ [final] declared in com.metes.worthit.feature.add_item.AddItemScreenKt.AddItemRoute.<no name provided>' type=kotlin.Unit origin=INITIALIZER_OF_FIELD_FOR_CAPTURED_VALUE
                receiver: GET_VAR '<this>: com.metes.worthit.feature.add_item.AddItemScreenKt.AddItemRoute.<no name provided> declared in com.metes.worthit.feature.add_item.AddItemScreenKt.AddItemRoute.<no name provided>' type=com.metes.worthit.feature.add_item.AddItemScreenKt.AddItemRoute.<no name provided> origin=null
                value: GET_VAR '$onNavigateToItems: kotlin.Function0<kotlin.Unit> declared in com.metes.worthit.feature.add_item.AddItemScreenKt.AddItemRoute.<no name provided>.<init>' type=kotlin.Function0<kotlin.Unit> origin=null
              SET_FIELD 'FIELD FIELD_FOR_CAPTURED_VALUE name:$snackbarHostState type:androidx.compose.material3.SnackbarHostState visibility:public/*package*/ [final] declared in com.metes.worthit.feature.add_item.AddItemScreenKt.AddItemRoute.<no name provided>' type=kotlin.Unit origin=INITIALIZER_OF_FIELD_FOR_CAPTURED_VALUE
                receiver: GET_VAR '<this>: com.metes.worthit.feature.add_item.AddItemScreenKt.AddItemRoute.<no name provided> declared in com.metes.worthit.feature.add_item.AddItemScreenKt.AddItemRoute.<no name provided>' type=com.metes.worthit.feature.add_item.AddItemScreenKt.AddItemRoute.<no name provided> origin=null
                value: GET_VAR '$snackbarHostState: androidx.compose.material3.SnackbarHostState declared in com.metes.worthit.feature.add_item.AddItemScreenKt.AddItemRoute.<no name provided>.<init>' type=androidx.compose.material3.SnackbarHostState origin=null
              SET_FIELD 'FIELD FIELD_FOR_CAPTURED_VALUE name:$context type:android.content.Context visibility:public/*package*/ [final] declared in com.metes.worthit.feature.add_item.AddItemScreenKt.AddItemRoute.<no name provided>' type=kotlin.Unit origin=INITIALIZER_OF_FIELD_FOR_CAPTURED_VALUE
                receiver: GET_VAR '<this>: com.metes.worthit.feature.add_item.AddItemScreenKt.AddItemRoute.<no name provided> declared in com.metes.worthit.feature.add_item.AddItemScreenKt.AddItemRoute.<no name provided>' type=com.metes.worthit.feature.add_item.AddItemScreenKt.AddItemRoute.<no name provided> origin=null
                value: GET_VAR '$context: android.content.Context declared in com.metes.worthit.feature.add_item.AddItemScreenKt.AddItemRoute.<no name provided>.<init>' type=android.content.Context origin=null
              DELEGATING_CONSTRUCTOR_CALL 'public constructor <init> (arity: kotlin.Int, $completion: kotlin.coroutines.Continuation<kotlin.Any?>?) declared in kotlin.coroutines.jvm.internal.SuspendLambda'
                ARG arity: CONST Int type=kotlin.Int value=2
                ARG $completion: GET_VAR '$completion: kotlin.coroutines.Continuation<com.metes.worthit.feature.add_item.AddItemScreenKt.AddItemRoute.<no name provided>>? declared in com.metes.worthit.feature.add_item.AddItemScreenKt.AddItemRoute.<no name provided>.<init>' type=kotlin.coroutines.Continuation<com.metes.worthit.feature.add_item.AddItemScreenKt.AddItemRoute.<no name provided>>? origin=null
              BLOCK type=kotlin.Unit origin=null
          FUN name:invokeSuspend visibility:public modality:FINAL returnType:kotlin.Any?
            VALUE_PARAMETER INSTANCE_RECEIVER kind:DispatchReceiver name:<this> index:0 type:com.metes.worthit.feature.add_item.AddItemScreenKt.AddItemRoute.<no name provided>
            VALUE_PARAMETER kind:Regular name:$result index:1 type:kotlin.Result<kotlin.Any?>
            overridden:
              protected abstract fun invokeSuspend ($result: kotlin.Result<kotlin.Any?>): kotlin.Any? declared in kotlin.coroutines.jvm.internal.SuspendLambda
            BLOCK_BODY
              VAR SUSPEND_LAMBDA_PARAMETER name:$this$LaunchedEffect type:kotlinx.coroutines.CoroutineScope [val]
                BLOCK type=kotlinx.coroutines.CoroutineScope origin=null
                  GET_FIELD 'FIELD FIELD_FOR_CAPTURED_VALUE name:L$0 type:kotlin.Any? visibility:private declared in com.metes.worthit.feature.add_item.AddItemScreenKt.AddItemRoute.<no name provided>' type=kotlinx.coroutines.CoroutineScope origin=null
                    receiver: GET_VAR '<this>: com.metes.worthit.feature.add_item.AddItemScreenKt.AddItemRoute.<no name provided> declared in com.metes.worthit.feature.add_item.AddItemScreenKt.AddItemRoute.<no name provided>.invokeSuspend' type=com.metes.worthit.feature.add_item.AddItemScreenKt.AddItemRoute.<no name provided> origin=null
              CALL 'public abstract fun collect (collector: kotlinx.coroutines.flow.FlowCollector<T of kotlinx.coroutines.flow.Flow>, $completion: kotlin.coroutines.Continuation<kotlin.Unit>): kotlin.Any? [suspend] declared in kotlinx.coroutines.flow.Flow' type=kotlin.Unit origin=null
                ARG <this>: CALL 'public final fun <get-events> (): kotlinx.coroutines.flow.Flow<com.metes.worthit.feature.add_item.AddItemEvent> declared in com.metes.worthit.feature.add_item.AddItemViewModel' type=kotlinx.coroutines.flow.Flow<com.metes.worthit.feature.add_item.AddItemEvent> origin=GET_PROPERTY
                  ARG <this>: GET_FIELD 'FIELD FIELD_FOR_CAPTURED_VALUE name:$viewModel type:com.metes.worthit.feature.add_item.AddItemViewModel visibility:public/*package*/ [final] declared in com.metes.worthit.feature.add_item.AddItemScreenKt.AddItemRoute.<no name provided>' type=com.metes.worthit.feature.add_item.AddItemViewModel origin=null
                    receiver: GET_VAR '<this>: com.metes.worthit.feature.add_item.AddItemScreenKt.AddItemRoute.<no name provided> declared in com.metes.worthit.feature.add_item.AddItemScreenKt.AddItemRoute.<no name provided>.invokeSuspend' type=com.metes.worthit.feature.add_item.AddItemScreenKt.AddItemRoute.<no name provided> origin=null
                ARG collector: BLOCK type=com.metes.worthit.feature.add_item.AddItemScreenKt.AddItemRoute.<no name provided>.invokeSuspend.<no name provided><T of com.metes.worthit.feature.add_item.AddItemScreenKt.AddItemRoute.<no name provided>.invokeSuspend.<no name provided>> origin=null
                  CLASS LAMBDA_IMPL CLASS name:<no name provided> modality:FINAL visibility:public/*package*/ superTypes:[@[RawType] kotlinx.coroutines.flow.FlowCollector<T of kotlinx.coroutines.flow.FlowCollector>]
                    thisReceiver: VALUE_PARAMETER INSTANCE_RECEIVER kind:DispatchReceiver name:<this> type:com.metes.worthit.feature.add_item.AddItemScreenKt.AddItemRoute.<no name provided>.invokeSuspend.<no name provided><T of com.metes.worthit.feature.add_item.AddItemScreenKt.AddItemRoute.<no name provided>.invokeSuspend.<no name provided>>
                    TYPE_PARAMETER name:T index:0 variance:in superTypes:[kotlin.Any?] reified:false
                    CONSTRUCTOR GENERATED_MEMBER_IN_CALLABLE_REFERENCE visibility:public/*package*/ returnType:com.metes.worthit.feature.add_item.AddItemScreenKt.AddItemRoute.<no name provided>.invokeSuspend.<no name provided><T of com.metes.worthit.feature.add_item.AddItemScreenKt.AddItemRoute.<no name provided>.invokeSuspend.<no name provided>> [primary]
                      VALUE_PARAMETER BOUND_VALUE_PARAMETER kind:Regular name:$onNavigateToItems index:0 type:kotlin.Function0<kotlin.Unit>
                      VALUE_PARAMETER BOUND_VALUE_PARAMETER kind:Regular name:$$this$LaunchedEffect index:1 type:kotlinx.coroutines.CoroutineScope
                      VALUE_PARAMETER BOUND_VALUE_PARAMETER kind:Regular name:$snackbarHostState index:2 type:androidx.compose.material3.SnackbarHostState
                      VALUE_PARAMETER BOUND_VALUE_PARAMETER kind:Regular name:$context index:3 type:android.content.Context
                      BLOCK_BODY
                        SET_FIELD 'FIELD FIELD_FOR_CAPTURED_VALUE name:$onNavigateToItems type:kotlin.Function0<kotlin.Unit> visibility:public/*package*/ [final] declared in com.metes.worthit.feature.add_item.AddItemScreenKt.AddItemRoute.<no name provided>.invokeSuspend.<no name provided>' type=kotlin.Unit origin=INITIALIZER_OF_FIELD_FOR_CAPTURED_VALUE
                          receiver: GET_VAR '<this>: com.metes.worthit.feature.add_item.AddItemScreenKt.AddItemRoute.<no name provided>.invokeSuspend.<no name provided><T of com.metes.worthit.feature.add_item.AddItemScreenKt.AddItemRoute.<no name provided>.invokeSuspend.<no name provided>> declared in com.metes.worthit.feature.add_item.AddItemScreenKt.AddItemRoute.<no name provided>.invokeSuspend.<no name provided>' type=com.metes.worthit.feature.add_item.AddItemScreenKt.AddItemRoute.<no name provided>.invokeSuspend.<no name provided><T of com.metes.worthit.feature.add_item.AddItemScreenKt.AddItemRoute.<no name provided>.invokeSuspend.<no name provided>> origin=null
                          value: GET_VAR '$onNavigateToItems: kotlin.Function0<kotlin.Unit> declared in com.metes.worthit.feature.add_item.AddItemScreenKt.AddItemRoute.<no name provided>.invokeSuspend.<no name provided>.<init>' type=kotlin.Function0<kotlin.Unit> origin=null
                        SET_FIELD 'FIELD FIELD_FOR_CAPTURED_VALUE name:$$this$LaunchedEffect type:kotlinx.coroutines.CoroutineScope visibility:public/*package*/ [final] declared in com.metes.worthit.feature.add_item.AddItemScreenKt.AddItemRoute.<no name provided>.invokeSuspend.<no name provided>' type=kotlin.Unit origin=INITIALIZER_OF_FIELD_FOR_CAPTURED_VALUE
                          receiver: GET_VAR '<this>: com.metes.worthit.feature.add_item.AddItemScreenKt.AddItemRoute.<no name provided>.invokeSuspend.<no name provided><T of com.metes.worthit.feature.add_item.AddItemScreenKt.AddItemRoute.<no name provided>.invokeSuspend.<no name provided>> declared in com.metes.worthit.feature.add_item.AddItemScreenKt.AddItemRoute.<no name provided>.invokeSuspend.<no name provided>' type=com.metes.worthit.feature.add_item.AddItemScreenKt.AddItemRoute.<no name provided>.invokeSuspend.<no name provided><T of com.metes.worthit.feature.add_item.AddItemScreenKt.AddItemRoute.<no name provided>.invokeSuspend.<no name provided>> origin=null
                          value: GET_VAR '$$this$LaunchedEffect: kotlinx.coroutines.CoroutineScope declared in com.metes.worthit.feature.add_item.AddItemScreenKt.AddItemRoute.<no name provided>.invokeSuspend.<no name provided>.<init>' type=kotlinx.coroutines.CoroutineScope origin=null
                        SET_FIELD 'FIELD FIELD_FOR_CAPTURED_VALUE name:$snackbarHostState type:androidx.compose.material3.SnackbarHostState visibility:public/*package*/ [final] declared in com.metes.worthit.feature.add_item.AddItemScreenKt.AddItemRoute.<no name provided>.invokeSuspend.<no name provided>' type=kotlin.Unit origin=INITIALIZER_OF_FIELD_FOR_CAPTURED_VALUE
                          receiver: GET_VAR '<this>: com.metes.worthit.feature.add_item.AddItemScreenKt.AddItemRoute.<no name provided>.invokeSuspend.<no name provided><T of com.metes.worthit.feature.add_item.AddItemScreenKt.AddItemRoute.<no name provided>.invokeSuspend.<no name provided>> declared in com.metes.worthit.feature.add_item.AddItemScreenKt.AddItemRoute.<no name provided>.invokeSuspend.<no name provided>' type=com.metes.worthit.feature.add_item.AddItemScreenKt.AddItemRoute.<no name provided>.invokeSuspend.<no name provided><T of com.metes.worthit.feature.add_item.AddItemScreenKt.AddItemRoute.<no name provided>.invokeSuspend.<no name provided>> origin=null
                          value: GET_VAR '$snackbarHostState: androidx.compose.material3.SnackbarHostState declared in com.metes.worthit.feature.add_item.AddItemScreenKt.AddItemRoute.<no name provided>.invokeSuspend.<no name provided>.<init>' type=androidx.compose.material3.SnackbarHostState origin=null
                        SET_FIELD 'FIELD FIELD_FOR_CAPTURED_VALUE name:$context type:android.content.Context visibility:public/*package*/ [final] declared in com.metes.worthit.feature.add_item.AddItemScreenKt.AddItemRoute.<no name provided>.invokeSuspend.<no name provided>' type=kotlin.Unit origin=INITIALIZER_OF_FIELD_FOR_CAPTURED_VALUE
                          receiver: GET_VAR '<this>: com.metes.worthit.feature.add_item.AddItemScreenKt.AddItemRoute.<no name provided>.invokeSuspend.<no name provided><T of com.metes.worthit.feature.add_item.AddItemScreenKt.AddItemRoute.<no name provided>.invokeSuspend.<no name provided>> declared in com.metes.worthit.feature.add_item.AddItemScreenKt.AddItemRoute.<no name provided>.invokeSuspend.<no name provided>' type=com.metes.worthit.feature.add_item.AddItemScreenKt.AddItemRoute.<no name provided>.invokeSuspend.<no name provided><T of com.metes.worthit.feature.add_item.AddItemScreenKt.AddItemRoute.<no name provided>.invokeSuspend.<no name provided>> origin=null
                          value: GET_VAR '$context: android.content.Context declared in com.metes.worthit.feature.add_item.AddItemScreenKt.AddItemRoute.<no name provided>.invokeSuspend.<no name provided>.<init>' type=android.content.Context origin=null
                        DELEGATING_CONSTRUCTOR_CALL 'public constructor <init> () [primary] declared in kotlin.Any'
                        BLOCK type=kotlin.Unit origin=null
                    FUN name:emit visibility:public modality:FINAL returnType:kotlin.Any? [suspend]
                      VALUE_PARAMETER LAMBDA_IMPL kind:DispatchReceiver name:<this> index:0 type:com.metes.worthit.feature.add_item.AddItemScreenKt.AddItemRoute.<no name provided>.invokeSuspend.<no name provided><T of com.metes.worthit.feature.add_item.AddItemScreenKt.AddItemRoute.<no name provided>.invokeSuspend.<no name provided>>
                      VALUE_PARAMETER kind:Regular name:event index:1 type:com.metes.worthit.feature.add_item.AddItemEvent
                      VALUE_PARAMETER CONTINUATION_CLASS kind:Regular name:$completion index:2 type:kotlin.coroutines.Continuation<kotlin.Unit>
                      overridden:
                        public abstract fun emit (value: T of kotlinx.coroutines.flow.FlowCollector, $completion: kotlin.coroutines.Continuation<kotlin.Unit>): kotlin.Any? [suspend] declared in kotlinx.coroutines.flow.FlowCollector
                      BLOCK_BODY
                        CLASS CONTINUATION_CLASS CLASS name:<Continuation> modality:FINAL visibility:public/*package*/ superTypes:[kotlin.coroutines.jvm.internal.ContinuationImpl]
                          thisReceiver: VALUE_PARAMETER INSTANCE_RECEIVER kind:DispatchReceiver name:<this> type:com.metes.worthit.feature.add_item.AddItemScreenKt.AddItemRoute.<no name provided>.invokeSuspend.<no name provided>.emit.<Continuation>
                          FIELD CONTINUATION_CLASS_RESULT_FIELD name:result type:kotlin.Result<kotlin.Any?> visibility:public/*package*/
                          FIELD FIELD_FOR_OUTER_THIS name:this$0 type:com.metes.worthit.feature.add_item.AddItemScreenKt.AddItemRoute.<no name provided>.invokeSuspend.<no name provided><T of com.metes.worthit.feature.add_item.AddItemScreenKt.AddItemRoute.<no name provided>.invokeSuspend.<no name provided>> visibility:public/*package*/ [final]
                          FIELD name:label type:kotlin.Int visibility:public/*package*/
                          CONSTRUCTOR visibility:public/*package*/ returnType:com.metes.worthit.feature.add_item.AddItemScreenKt.AddItemRoute.<no name provided>.invokeSuspend.<no name provided>.emit.<Continuation> [primary]
                            VALUE_PARAMETER kind:Regular name:this$0 index:0 type:com.metes.worthit.feature.add_item.AddItemScreenKt.AddItemRoute.<no name provided>.invokeSuspend.<no name provided><T of com.metes.worthit.feature.add_item.AddItemScreenKt.AddItemRoute.<no name provided>.invokeSuspend.<no name provided>>
                            VALUE_PARAMETER kind:Regular name:$completion index:1 type:kotlin.coroutines.Continuation<com.metes.worthit.feature.add_item.AddItemScreenKt.AddItemRoute.<no name provided>.invokeSuspend.<no name provided>.emit.<Continuation>>?
                            BLOCK_BODY
                              SET_FIELD 'FIELD FIELD_FOR_OUTER_THIS name:this$0 type:com.metes.worthit.feature.add_item.AddItemScreenKt.AddItemRoute.<no name provided>.invokeSuspend.<no name provided><T of com.metes.worthit.feature.add_item.AddItemScreenKt.AddItemRoute.<no name provided>.invokeSuspend.<no name provided>> visibility:public/*package*/ [final] declared in com.metes.worthit.feature.add_item.AddItemScreenKt.AddItemRoute.<no name provided>.invokeSuspend.<no name provided>.emit.<Continuation>' type=kotlin.Unit origin=null
                                receiver: GET_VAR '<this>: com.metes.worthit.feature.add_item.AddItemScreenKt.AddItemRoute.<no name provided>.invokeSuspend.<no name provided>.emit.<Continuation> declared in com.metes.worthit.feature.add_item.AddItemScreenKt.AddItemRoute.<no name provided>.invokeSuspend.<no name provided>.emit.<Continuation>' type=com.metes.worthit.feature.add_item.AddItemScreenKt.AddItemRoute.<no name provided>.invokeSuspend.<no name provided>.emit.<Continuation> origin=null
                                value: GET_VAR 'this$0: com.metes.worthit.feature.add_item.AddItemScreenKt.AddItemRoute.<no name provided>.invokeSuspend.<no name provided><T of com.metes.worthit.feature.add_item.AddItemScreenKt.AddItemRoute.<no name provided>.invokeSuspend.<no name provided>> declared in com.metes.worthit.feature.add_item.AddItemScreenKt.AddItemRoute.<no name provided>.invokeSuspend.<no name provided>.emit.<Continuation>.<init>' type=com.metes.worthit.feature.add_item.AddItemScreenKt.AddItemRoute.<no name provided>.invokeSuspend.<no name provided><T of com.metes.worthit.feature.add_item.AddItemScreenKt.AddItemRoute.<no name provided>.invokeSuspend.<no name provided>> origin=null
                              DELEGATING_CONSTRUCTOR_CALL 'public constructor <init> ($completion: kotlin.coroutines.Continuation<kotlin.Any?>?) declared in kotlin.coroutines.jvm.internal.ContinuationImpl'
                                ARG $completion: GET_VAR '$completion: kotlin.coroutines.Continuation<com.metes.worthit.feature.add_item.AddItemScreenKt.AddItemRoute.<no name provided>.invokeSuspend.<no name provided>.emit.<Continuation>>? declared in com.metes.worthit.feature.add_item.AddItemScreenKt.AddItemRoute.<no name provided>.invokeSuspend.<no name provided>.emit.<Continuation>.<init>' type=kotlin.coroutines.Continuation<com.metes.worthit.feature.add_item.AddItemScreenKt.AddItemRoute.<no name provided>.invokeSuspend.<no name provided>.emit.<Continuation>>? origin=null
                          FUN name:invokeSuspend visibility:public modality:FINAL returnType:kotlin.Any?
                            VALUE_PARAMETER INSTANCE_RECEIVER kind:DispatchReceiver name:<this> index:0 type:com.metes.worthit.feature.add_item.AddItemScreenKt.AddItemRoute.<no name provided>.invokeSuspend.<no name provided>.emit.<Continuation>
                            VALUE_PARAMETER kind:Regular name:$result index:1 type:kotlin.Result<kotlin.Any?>
                            overridden:
                              public abstract fun invokeSuspend ($result: kotlin.Result<kotlin.Any?>): kotlin.Any? declared in kotlin.coroutines.jvm.internal.ContinuationImpl
                            BLOCK_BODY
                              SET_FIELD 'FIELD CONTINUATION_CLASS_RESULT_FIELD name:result type:kotlin.Result<kotlin.Any?> visibility:public/*package*/ declared in com.metes.worthit.feature.add_item.AddItemScreenKt.AddItemRoute.<no name provided>.invokeSuspend.<no name provided>.emit.<Continuation>' type=kotlin.Unit origin=null
                                receiver: GET_VAR '<this>: com.metes.worthit.feature.add_item.AddItemScreenKt.AddItemRoute.<no name provided>.invokeSuspend.<no name provided>.emit.<Continuation> declared in com.metes.worthit.feature.add_item.AddItemScreenKt.AddItemRoute.<no name provided>.invokeSuspend.<no name provided>.emit.<Continuation>.invokeSuspend' type=com.metes.worthit.feature.add_item.AddItemScreenKt.AddItemRoute.<no name provided>.invokeSuspend.<no name provided>.emit.<Continuation> origin=null
                                value: GET_VAR '$result: kotlin.Result<kotlin.Any?> declared in com.metes.worthit.feature.add_item.AddItemScreenKt.AddItemRoute.<no name provided>.invokeSuspend.<no name provided>.emit.<Continuation>.invokeSuspend' type=kotlin.Result<kotlin.Any?> origin=null
                              SET_FIELD 'FIELD name:label type:kotlin.Int visibility:public/*package*/ declared in com.metes.worthit.feature.add_item.AddItemScreenKt.AddItemRoute.<no name provided>.invokeSuspend.<no name provided>.emit.<Continuation>' type=kotlin.Unit origin=null
                                receiver: GET_VAR '<this>: com.metes.worthit.feature.add_item.AddItemScreenKt.AddItemRoute.<no name provided>.invokeSuspend.<no name provided>.emit.<Continuation> declared in com.metes.worthit.feature.add_item.AddItemScreenKt.AddItemRoute.<no name provided>.invokeSuspend.<no name provided>.emit.<Continuation>.invokeSuspend' type=com.metes.worthit.feature.add_item.AddItemScreenKt.AddItemRoute.<no name provided>.invokeSuspend.<no name provided>.emit.<Continuation> origin=null
                                value: CALL 'public final fun or (other: kotlin.Int): kotlin.Int [infix] declared in kotlin.Int' type=kotlin.Int origin=null
                                  ARG <this>: GET_FIELD 'FIELD name:label type:kotlin.Int visibility:public/*package*/ declared in com.metes.worthit.feature.add_item.AddItemScreenKt.AddItemRoute.<no name provided>.invokeSuspend.<no name provided>.emit.<Continuation>' type=kotlin.Int origin=null
                                    receiver: GET_VAR '<this>: com.metes.worthit.feature.add_item.AddItemScreenKt.AddItemRoute.<no name provided>.invokeSuspend.<no name provided>.emit.<Continuation> declared in com.metes.worthit.feature.add_item.AddItemScreenKt.AddItemRoute.<no name provided>.invokeSuspend.<no name provided>.emit.<Continuation>.invokeSuspend' type=com.metes.worthit.feature.add_item.AddItemScreenKt.AddItemRoute.<no name provided>.invokeSuspend.<no name provided>.emit.<Continuation> origin=null
                                  ARG other: CONST Int type=kotlin.Int value=-2147483648
                              RETURN type=kotlin.Nothing from='public final fun invokeSuspend ($result: kotlin.Result<kotlin.Any?>): kotlin.Any? declared in com.metes.worthit.feature.add_item.AddItemScreenKt.AddItemRoute.<no name provided>.invokeSuspend.<no name provided>.emit.<Continuation>'
                                CALL 'public final fun emit (event: com.metes.worthit.feature.add_item.AddItemEvent, $completion: kotlin.coroutines.Continuation<kotlin.Unit>): kotlin.Any? [suspend] declared in com.metes.worthit.feature.add_item.AddItemScreenKt.AddItemRoute.<no name provided>.invokeSuspend.<no name provided>' type=kotlin.Any? origin=null
                                  ARG <this>: GET_FIELD 'FIELD FIELD_FOR_OUTER_THIS name:this$0 type:com.metes.worthit.feature.add_item.AddItemScreenKt.AddItemRoute.<no name provided>.invokeSuspend.<no name provided><T of com.metes.worthit.feature.add_item.AddItemScreenKt.AddItemRoute.<no name provided>.invokeSuspend.<no name provided>> visibility:public/*package*/ [final] declared in com.metes.worthit.feature.add_item.AddItemScreenKt.AddItemRoute.<no name provided>.invokeSuspend.<no name provided>.emit.<Continuation>' type=com.metes.worthit.feature.add_item.AddItemScreenKt.AddItemRoute.<no name provided>.invokeSuspend.<no name provided><T of com.metes.worthit.feature.add_item.AddItemScreenKt.AddItemRoute.<no name provided>.invokeSuspend.<no name provided>> origin=null
                                    receiver: GET_VAR '<this>: com.metes.worthit.feature.add_item.AddItemScreenKt.AddItemRoute.<no name provided>.invokeSuspend.<no name provided>.emit.<Continuation> declared in com.metes.worthit.feature.add_item.AddItemScreenKt.AddItemRoute.<no name provided>.invokeSuspend.<no name provided>.emit.<Continuation>.invokeSuspend' type=com.metes.worthit.feature.add_item.AddItemScreenKt.AddItemRoute.<no name provided>.invokeSuspend.<no name provided>.emit.<Continuation> origin=null
                                  ARG event: CONST Null type=com.metes.worthit.feature.add_item.AddItemEvent? value=null
                                  ARG $completion: GET_VAR '<this>: com.metes.worthit.feature.add_item.AddItemScreenKt.AddItemRoute.<no name provided>.invokeSuspend.<no name provided>.emit.<Continuation> declared in com.metes.worthit.feature.add_item.AddItemScreenKt.AddItemRoute.<no name provided>.invokeSuspend.<no name provided>.emit.<Continuation>.invokeSuspend' type=com.metes.worthit.feature.add_item.AddItemScreenKt.AddItemRoute.<no name provided>.invokeSuspend.<no name provided>.emit.<Continuation> origin=null
                        COMPOSITE type=kotlin.Unit origin=null
                          BLOCK type=kotlin.Any origin=WHEN
                            VAR IR_TEMPORARY_VARIABLE name:tmp0_subject type:com.metes.worthit.feature.add_item.AddItemEvent [val]
                              GET_VAR 'event: com.metes.worthit.feature.add_item.AddItemEvent declared in com.metes.worthit.feature.add_item.AddItemScreenKt.AddItemRoute.<no name provided>.invokeSuspend.<no name provided>.emit' type=com.metes.worthit.feature.add_item.AddItemEvent origin=null
                            WHEN type=kotlin.Any origin=WHEN
                              BRANCH
                                if: CALL 'public final fun EQEQ (arg0: kotlin.Any?, arg1: kotlin.Any?): kotlin.Boolean declared in kotlin.internal.ir' type=kotlin.Boolean origin=EQEQ
                                  ARG arg0: GET_VAR 'val tmp0_subject: com.metes.worthit.feature.add_item.AddItemEvent [val] declared in com.metes.worthit.feature.add_item.AddItemScreenKt.AddItemRoute.<no name provided>.invokeSuspend.<no name provided>.emit' type=com.metes.worthit.feature.add_item.AddItemEvent origin=null
                                  ARG arg1: GET_FIELD 'FIELD FIELD_FOR_OBJECT_INSTANCE name:INSTANCE type:com.metes.worthit.feature.add_item.AddItemEvent.NavigateToItems visibility:public [final,static] declared in com.metes.worthit.feature.add_item.AddItemEvent.NavigateToItems' type=com.metes.worthit.feature.add_item.AddItemEvent.NavigateToItems origin=null
                                then: CALL 'public abstract fun invoke (): R of kotlin.Function0 [operator] declared in kotlin.Function0' type=kotlin.Unit origin=INVOKE
                                  ARG <this>: GET_FIELD 'FIELD FIELD_FOR_CAPTURED_VALUE name:$onNavigateToItems type:kotlin.Function0<kotlin.Unit> visibility:public/*package*/ [final] declared in com.metes.worthit.feature.add_item.AddItemScreenKt.AddItemRoute.<no name provided>.invokeSuspend.<no name provided>' type=kotlin.Function0<kotlin.Unit> origin=null
                                    receiver: GET_VAR '<this>: com.metes.worthit.feature.add_item.AddItemScreenKt.AddItemRoute.<no name provided>.invokeSuspend.<no name provided><T of com.metes.worthit.feature.add_item.AddItemScreenKt.AddItemRoute.<no name provided>.invokeSuspend.<no name provided>> declared in com.metes.worthit.feature.add_item.AddItemScreenKt.AddItemRoute.<no name provided>.invokeSuspend.<no name provided>.emit' type=com.metes.worthit.feature.add_item.AddItemScreenKt.AddItemRoute.<no name provided>.invokeSuspend.<no name provided><T of com.metes.worthit.feature.add_item.AddItemScreenKt.AddItemRoute.<no name provided>.invokeSuspend.<no name provided>> origin=null
                              BRANCH
                                if: TYPE_OP type=kotlin.Boolean origin=INSTANCEOF typeOperand=com.metes.worthit.feature.add_item.AddItemEvent.ShowSnackbar
                                  GET_VAR 'val tmp0_subject: com.metes.worthit.feature.add_item.AddItemEvent [val] declared in com.metes.worthit.feature.add_item.AddItemScreenKt.AddItemRoute.<no name provided>.invokeSuspend.<no name provided>.emit' type=com.metes.worthit.feature.add_item.AddItemEvent origin=null
                                then: BLOCK type=kotlinx.coroutines.Job origin=null
                                  CALL 'public final fun launch$default (<this>: kotlinx.coroutines.CoroutineScope, context: kotlin.coroutines.CoroutineContext?, start: kotlinx.coroutines.CoroutineStart?, block: @[ExtensionFunctionType] kotlin.coroutines.SuspendFunction1<kotlinx.coroutines.CoroutineScope, kotlin.Unit>, $mask0: kotlin.Int, $handler: kotlin.Any?): kotlinx.coroutines.Job declared in kotlinx.coroutines.BuildersKt' type=kotlinx.coroutines.Job origin=DEFAULT_DISPATCH_CALL
                                    ARG <this>: GET_FIELD 'FIELD FIELD_FOR_CAPTURED_VALUE name:$$this$LaunchedEffect type:kotlinx.coroutines.CoroutineScope visibility:public/*package*/ [final] declared in com.metes.worthit.feature.add_item.AddItemScreenKt.AddItemRoute.<no name provided>.invokeSuspend.<no name provided>' type=kotlinx.coroutines.CoroutineScope origin=null
                                      receiver: GET_VAR '<this>: com.metes.worthit.feature.add_item.AddItemScreenKt.AddItemRoute.<no name provided>.invokeSuspend.<no name provided><T of com.metes.worthit.feature.add_item.AddItemScreenKt.AddItemRoute.<no name provided>.invokeSuspend.<no name provided>> declared in com.metes.worthit.feature.add_item.AddItemScreenKt.AddItemRoute.<no name provided>.invokeSuspend.<no name provided>.emit' type=com.metes.worthit.feature.add_item.AddItemScreenKt.AddItemRoute.<no name provided>.invokeSuspend.<no name provided><T of com.metes.worthit.feature.add_item.AddItemScreenKt.AddItemRoute.<no name provided>.invokeSuspend.<no name provided>> origin=null
                                    ARG context: COMPOSITE type=kotlin.coroutines.CoroutineContext? origin=DEFAULT_VALUE
                                      CONST Null type=kotlin.coroutines.CoroutineContext? value=null
                                    ARG start: COMPOSITE type=kotlinx.coroutines.CoroutineStart? origin=DEFAULT_VALUE
                                      CONST Null type=kotlinx.coroutines.CoroutineStart? value=null
                                    ARG block: BLOCK type=com.metes.worthit.feature.add_item.AddItemScreenKt.AddItemRoute.<no name provided>.invokeSuspend.<no name provided>.emit.<no name provided> origin=null
                                      CLASS SUSPEND_LAMBDA CLASS name:<no name provided> modality:FINAL visibility:public/*package*/ superTypes:[kotlin.coroutines.jvm.internal.SuspendLambda; kotlin.jvm.functions.Function2<kotlinx.coroutines.CoroutineScope, kotlin.coroutines.Continuation<kotlin.Unit>?, kotlin.Any?>]
                                        thisReceiver: VALUE_PARAMETER INSTANCE_RECEIVER kind:DispatchReceiver name:<this> type:com.metes.worthit.feature.add_item.AddItemScreenKt.AddItemRoute.<no name provided>.invokeSuspend.<no name provided>.emit.<no name provided>
                                        FIELD name:label type:kotlin.Int visibility:public/*package*/
                                        CONSTRUCTOR SUSPEND_LAMBDA visibility:public/*package*/ returnType:com.metes.worthit.feature.add_item.AddItemScreenKt.AddItemRoute.<no name provided>.invokeSuspend.<no name provided>.emit.<no name provided> [primary]
                                          VALUE_PARAMETER BOUND_VALUE_PARAMETER kind:Regular name:$snackbarHostState index:0 type:androidx.compose.material3.SnackbarHostState
                                          VALUE_PARAMETER BOUND_VALUE_PARAMETER kind:Regular name:$event index:1 type:com.metes.worthit.feature.add_item.AddItemEvent
                                          VALUE_PARAMETER BOUND_VALUE_PARAMETER kind:Regular name:$context index:2 type:android.content.Context
                                          VALUE_PARAMETER kind:Regular name:$completion index:3 type:kotlin.coroutines.Continuation<com.metes.worthit.feature.add_item.AddItemScreenKt.AddItemRoute.<no name provided>.invokeSuspend.<no name provided>.emit.<no name provided>>?
                                          BLOCK_BODY
                                            SET_FIELD 'FIELD FIELD_FOR_CAPTURED_VALUE name:$snackbarHostState type:androidx.compose.material3.SnackbarHostState visibility:public/*package*/ [final] declared in com.metes.worthit.feature.add_item.AddItemScreenKt.AddItemRoute.<no name provided>.invokeSuspend.<no name provided>.emit.<no name provided>' type=kotlin.Unit origin=INITIALIZER_OF_FIELD_FOR_CAPTURED_VALUE
                                              receiver: GET_VAR '<this>: com.metes.worthit.feature.add_item.AddItemScreenKt.AddItemRoute.<no name provided>.invokeSuspend.<no name provided>.emit.<no name provided> declared in com.metes.worthit.feature.add_item.AddItemScreenKt.AddItemRoute.<no name provided>.invokeSuspend.<no name provided>.emit.<no name provided>' type=com.metes.worthit.feature.add_item.AddItemScreenKt.AddItemRoute.<no name provided>.invokeSuspend.<no name provided>.emit.<no name provided> origin=null
                                              value: GET_VAR '$snackbarHostState: androidx.compose.material3.SnackbarHostState declared in com.metes.worthit.feature.add_item.AddItemScreenKt.AddItemRoute.<no name provided>.invokeSuspend.<no name provided>.emit.<no name provided>.<init>' type=androidx.compose.material3.SnackbarHostState origin=null
                                            SET_FIELD 'FIELD FIELD_FOR_CAPTURED_VALUE name:$event type:com.metes.worthit.feature.add_item.AddItemEvent visibility:public/*package*/ [final] declared in com.metes.worthit.feature.add_item.AddItemScreenKt.AddItemRoute.<no name provided>.invokeSuspend.<no name provided>.emit.<no name provided>' type=kotlin.Unit origin=INITIALIZER_OF_FIELD_FOR_CAPTURED_VALUE
                                              receiver: GET_VAR '<this>: com.metes.worthit.feature.add_item.AddItemScreenKt.AddItemRoute.<no name provided>.invokeSuspend.<no name provided>.emit.<no name provided> declared in com.metes.worthit.feature.add_item.AddItemScreenKt.AddItemRoute.<no name provided>.invokeSuspend.<no name provided>.emit.<no name provided>' type=com.metes.worthit.feature.add_item.AddItemScreenKt.AddItemRoute.<no name provided>.invokeSuspend.<no name provided>.emit.<no name provided> origin=null
                                              value: GET_VAR '$event: com.metes.worthit.feature.add_item.AddItemEvent declared in com.metes.worthit.feature.add_item.AddItemScreenKt.AddItemRoute.<no name provided>.invokeSuspend.<no name provided>.emit.<no name provided>.<init>' type=com.metes.worthit.feature.add_item.AddItemEvent origin=null
                                            SET_FIELD 'FIELD FIELD_FOR_CAPTURED_VALUE name:$context type:android.content.Context visibility:public/*package*/ [final] declared in com.metes.worthit.feature.add_item.AddItemScreenKt.AddItemRoute.<no name provided>.invokeSuspend.<no name provided>.emit.<no name provided>' type=kotlin.Unit origin=INITIALIZER_OF_FIELD_FOR_CAPTURED_VALUE
                                              receiver: GET_VAR '<this>: com.metes.worthit.feature.add_item.AddItemScreenKt.AddItemRoute.<no name provided>.invokeSuspend.<no name provided>.emit.<no name provided> declared in com.metes.worthit.feature.add_item.AddItemScreenKt.AddItemRoute.<no name provided>.invokeSuspend.<no name provided>.emit.<no name provided>' type=com.metes.worthit.feature.add_item.AddItemScreenKt.AddItemRoute.<no name provided>.invokeSuspend.<no name provided>.emit.<no name provided> origin=null
                                              value: GET_VAR '$context: android.content.Context declared in com.metes.worthit.feature.add_item.AddItemScreenKt.AddItemRoute.<no name provided>.invokeSuspend.<no name provided>.emit.<no name provided>.<init>' type=android.content.Context origin=null
                                            DELEGATING_CONSTRUCTOR_CALL 'public constructor <init> (arity: kotlin.Int, $completion: kotlin.coroutines.Continuation<kotlin.Any?>?) declared in kotlin.coroutines.jvm.internal.SuspendLambda'
                                              ARG arity: CONST Int type=kotlin.Int value=2
                                              ARG $completion: GET_VAR '$completion: kotlin.coroutines.Continuation<com.metes.worthit.feature.add_item.AddItemScreenKt.AddItemRoute.<no name provided>.invokeSuspend.<no name provided>.emit.<no name provided>>? declared in com.metes.worthit.feature.add_item.AddItemScreenKt.AddItemRoute.<no name provided>.invokeSuspend.<no name provided>.emit.<no name provided>.<init>' type=kotlin.coroutines.Continuation<com.metes.worthit.feature.add_item.AddItemScreenKt.AddItemRoute.<no name provided>.invokeSuspend.<no name provided>.emit.<no name provided>>? origin=null
                                            BLOCK type=kotlin.Unit origin=null
                                        FUN name:invokeSuspend visibility:public modality:FINAL returnType:kotlin.Any?
                                          VALUE_PARAMETER INSTANCE_RECEIVER kind:DispatchReceiver name:<this> index:0 type:com.metes.worthit.feature.add_item.AddItemScreenKt.AddItemRoute.<no name provided>.invokeSuspend.<no name provided>.emit.<no name provided>
                                          VALUE_PARAMETER kind:Regular name:$result index:1 type:kotlin.Result<kotlin.Any?>
                                          overridden:
                                            protected abstract fun invokeSuspend ($result: kotlin.Result<kotlin.Any?>): kotlin.Any? declared in kotlin.coroutines.jvm.internal.SuspendLambda
                                          BLOCK_BODY
                                            COMPOSITE type=kotlin.Unit origin=null
                                              CALL 'public final fun showSnackbar (visuals: androidx.compose.material3.SnackbarVisuals, $completion: kotlin.coroutines.Continuation<androidx.compose.material3.SnackbarResult>): kotlin.Any? [suspend] declared in androidx.compose.material3.SnackbarHostState' type=androidx.compose.material3.SnackbarResult origin=null
                                                ARG <this>: GET_FIELD 'FIELD FIELD_FOR_CAPTURED_VALUE name:$snackbarHostState type:androidx.compose.material3.SnackbarHostState visibility:public/*package*/ [final] declared in com.metes.worthit.feature.add_item.AddItemScreenKt.AddItemRoute.<no name provided>.invokeSuspend.<no name provided>.emit.<no name provided>' type=androidx.compose.material3.SnackbarHostState origin=null
                                                  receiver: GET_VAR '<this>: com.metes.worthit.feature.add_item.AddItemScreenKt.AddItemRoute.<no name provided>.invokeSuspend.<no name provided>.emit.<no name provided> declared in com.metes.worthit.feature.add_item.AddItemScreenKt.AddItemRoute.<no name provided>.invokeSuspend.<no name provided>.emit.<no name provided>.invokeSuspend' type=com.metes.worthit.feature.add_item.AddItemScreenKt.AddItemRoute.<no name provided>.invokeSuspend.<no name provided>.emit.<no name provided> origin=null
                                                ARG visuals: CONSTRUCTOR_CALL 'public constructor <init> (message: kotlin.String, actionLabel: kotlin.String?, withDismissAction: kotlin.Boolean, duration: androidx.compose.material3.SnackbarDuration?, isError: kotlin.Boolean, $mask0: kotlin.Int, $marker: kotlin.jvm.internal.DefaultConstructorMarker?) declared in com.metes.worthit.core.designsystem.component.snackbar.CustomSnackbarVisuals' type=com.metes.worthit.core.designsystem.component.snackbar.CustomSnackbarVisuals origin=DEFAULT_DISPATCH_CALL
                                                  ARG message: CALL 'public open fun asString (context: android.content.Context): kotlin.String declared in com.metes.worthit.core.core_ui.UiText' type=kotlin.String origin=null
                                                    ARG <this>: CALL 'public final fun <get-message> (): com.metes.worthit.core.core_ui.UiText declared in com.metes.worthit.feature.add_item.AddItemEvent.ShowSnackbar' type=com.metes.worthit.core.core_ui.UiText origin=GET_PROPERTY
                                                      ARG <this>: TYPE_OP type=com.metes.worthit.feature.add_item.AddItemEvent.ShowSnackbar origin=IMPLICIT_CAST typeOperand=com.metes.worthit.feature.add_item.AddItemEvent.ShowSnackbar
                                                        GET_FIELD 'FIELD FIELD_FOR_CAPTURED_VALUE name:$event type:com.metes.worthit.feature.add_item.AddItemEvent visibility:public/*package*/ [final] declared in com.metes.worthit.feature.add_item.AddItemScreenKt.AddItemRoute.<no name provided>.invokeSuspend.<no name provided>.emit.<no name provided>' type=com.metes.worthit.feature.add_item.AddItemEvent origin=null
                                                          receiver: GET_VAR '<this>: com.metes.worthit.feature.add_item.AddItemScreenKt.AddItemRoute.<no name provided>.invokeSuspend.<no name provided>.emit.<no name provided> declared in com.metes.worthit.feature.add_item.AddItemScreenKt.AddItemRoute.<no name provided>.invokeSuspend.<no name provided>.emit.<no name provided>.invokeSuspend' type=com.metes.worthit.feature.add_item.AddItemScreenKt.AddItemRoute.<no name provided>.invokeSuspend.<no name provided>.emit.<no name provided> origin=null
                                                    ARG context: GET_FIELD 'FIELD FIELD_FOR_CAPTURED_VALUE name:$context type:android.content.Context visibility:public/*package*/ [final] declared in com.metes.worthit.feature.add_item.AddItemScreenKt.AddItemRoute.<no name provided>.invokeSuspend.<no name provided>.emit.<no name provided>' type=android.content.Context origin=null
                                                      receiver: GET_VAR '<this>: com.metes.worthit.feature.add_item.AddItemScreenKt.AddItemRoute.<no name provided>.invokeSuspend.<no name provided>.emit.<no name provided> declared in com.metes.worthit.feature.add_item.AddItemScreenKt.AddItemRoute.<no name provided>.invokeSuspend.<no name provided>.emit.<no name provided>.invokeSuspend' type=com.metes.worthit.feature.add_item.AddItemScreenKt.AddItemRoute.<no name provided>.invokeSuspend.<no name provided>.emit.<no name provided> origin=null
                                                  ARG actionLabel: COMPOSITE type=kotlin.String? origin=DEFAULT_VALUE
                                                    CONST Null type=kotlin.String? value=null
                                                  ARG withDismissAction: COMPOSITE type=kotlin.Boolean origin=DEFAULT_VALUE
                                                    CONST Boolean type=kotlin.Boolean value=false
                                                  ARG duration: COMPOSITE type=androidx.compose.material3.SnackbarDuration? origin=DEFAULT_VALUE
                                                    CONST Null type=androidx.compose.material3.SnackbarDuration? value=null
                                                  ARG isError: CALL 'public final fun <get-isError> (): kotlin.Boolean declared in com.metes.worthit.feature.add_item.AddItemEvent.ShowSnackbar' type=kotlin.Boolean origin=GET_PROPERTY
                                                    ARG <this>: TYPE_OP type=com.metes.worthit.feature.add_item.AddItemEvent.ShowSnackbar origin=IMPLICIT_CAST typeOperand=com.metes.worthit.feature.add_item.AddItemEvent.ShowSnackbar
                                                      GET_FIELD 'FIELD FIELD_FOR_CAPTURED_VALUE name:$event type:com.metes.worthit.feature.add_item.AddItemEvent visibility:public/*package*/ [final] declared in com.metes.worthit.feature.add_item.AddItemScreenKt.AddItemRoute.<no name provided>.invokeSuspend.<no name provided>.emit.<no name provided>' type=com.metes.worthit.feature.add_item.AddItemEvent origin=null
                                                        receiver: GET_VAR '<this>: com.metes.worthit.feature.add_item.AddItemScreenKt.AddItemRoute.<no name provided>.invokeSuspend.<no name provided>.emit.<no name provided> declared in com.metes.worthit.feature.add_item.AddItemScreenKt.AddItemRoute.<no name provided>.invokeSuspend.<no name provided>.emit.<no name provided>.invokeSuspend' type=com.metes.worthit.feature.add_item.AddItemScreenKt.AddItemRoute.<no name provided>.invokeSuspend.<no name provided>.emit.<no name provided> origin=null
                                                  ARG $mask0: CONST Int type=kotlin.Int value=14
                                                  ARG $marker: CONST Null type=kotlin.jvm.internal.DefaultConstructorMarker? value=null
                                                ARG $completion: GET_VAR '<this>: com.metes.worthit.feature.add_item.AddItemScreenKt.AddItemRoute.<no name provided>.invokeSuspend.<no name provided>.emit.<no name provided> declared in com.metes.worthit.feature.add_item.AddItemScreenKt.AddItemRoute.<no name provided>.invokeSuspend.<no name provided>.emit.<no name provided>.invokeSuspend' type=com.metes.worthit.feature.add_item.AddItemScreenKt.AddItemRoute.<no name provided>.invokeSuspend.<no name provided>.emit.<no name provided> origin=null
                                              COMPOSITE type=kotlin.Unit origin=null
                                        FUN name:create visibility:public modality:FINAL returnType:kotlin.coroutines.Continuation<kotlin.Unit>
                                          VALUE_PARAMETER INSTANCE_RECEIVER kind:DispatchReceiver name:<this> index:0 type:com.metes.worthit.feature.add_item.AddItemScreenKt.AddItemRoute.<no name provided>.invokeSuspend.<no name provided>.emit.<no name provided>
                                          VALUE_PARAMETER kind:Regular name:value index:1 type:kotlin.Any?
                                          VALUE_PARAMETER kind:Regular name:$completion index:2 type:kotlin.coroutines.Continuation<kotlin.Nothing>
                                          overridden:
                                            public open fun create (value: kotlin.Any?, $completion: kotlin.coroutines.Continuation<kotlin.Nothing>): kotlin.coroutines.Continuation<kotlin.Unit> declared in kotlin.coroutines.jvm.internal.SuspendLambda
                                          BLOCK_BODY
                                            RETURN type=kotlin.Nothing from='public final fun create (value: kotlin.Any?, $completion: kotlin.coroutines.Continuation<kotlin.Nothing>): kotlin.coroutines.Continuation<kotlin.Unit> declared in com.metes.worthit.feature.add_item.AddItemScreenKt.AddItemRoute.<no name provided>.invokeSuspend.<no name provided>.emit.<no name provided>'
                                              CONSTRUCTOR_CALL 'public/*package*/ constructor <init> ($snackbarHostState: androidx.compose.material3.SnackbarHostState, $event: com.metes.worthit.feature.add_item.AddItemEvent, $context: android.content.Context, $completion: kotlin.coroutines.Continuation<com.metes.worthit.feature.add_item.AddItemScreenKt.AddItemRoute.<no name provided>.invokeSuspend.<no name provided>.emit.<no name provided>>?) [primary] declared in com.metes.worthit.feature.add_item.AddItemScreenKt.AddItemRoute.<no name provided>.invokeSuspend.<no name provided>.emit.<no name provided>' type=com.metes.worthit.feature.add_item.AddItemScreenKt.AddItemRoute.<no name provided>.invokeSuspend.<no name provided>.emit.<no name provided> origin=null
                                                ARG $snackbarHostState: GET_FIELD 'FIELD FIELD_FOR_CAPTURED_VALUE name:$snackbarHostState type:androidx.compose.material3.SnackbarHostState visibility:public/*package*/ [final] declared in com.metes.worthit.feature.add_item.AddItemScreenKt.AddItemRoute.<no name provided>.invokeSuspend.<no name provided>.emit.<no name provided>' type=androidx.compose.material3.SnackbarHostState origin=null
                                                  receiver: GET_VAR '<this>: com.metes.worthit.feature.add_item.AddItemScreenKt.AddItemRoute.<no name provided>.invokeSuspend.<no name provided>.emit.<no name provided> declared in com.metes.worthit.feature.add_item.AddItemScreenKt.AddItemRoute.<no name provided>.invokeSuspend.<no name provided>.emit.<no name provided>.create' type=com.metes.worthit.feature.add_item.AddItemScreenKt.AddItemRoute.<no name provided>.invokeSuspend.<no name provided>.emit.<no name provided> origin=null
                                                ARG $event: GET_FIELD 'FIELD FIELD_FOR_CAPTURED_VALUE name:$event type:com.metes.worthit.feature.add_item.AddItemEvent visibility:public/*package*/ [final] declared in com.metes.worthit.feature.add_item.AddItemScreenKt.AddItemRoute.<no name provided>.invokeSuspend.<no name provided>.emit.<no name provided>' type=com.metes.worthit.feature.add_item.AddItemEvent origin=null
                                                  receiver: GET_VAR '<this>: com.metes.worthit.feature.add_item.AddItemScreenKt.AddItemRoute.<no name provided>.invokeSuspend.<no name provided>.emit.<no name provided> declared in com.metes.worthit.feature.add_item.AddItemScreenKt.AddItemRoute.<no name provided>.invokeSuspend.<no name provided>.emit.<no name provided>.create' type=com.metes.worthit.feature.add_item.AddItemScreenKt.AddItemRoute.<no name provided>.invokeSuspend.<no name provided>.emit.<no name provided> origin=null
                                                ARG $context: GET_FIELD 'FIELD FIELD_FOR_CAPTURED_VALUE name:$context type:android.content.Context visibility:public/*package*/ [final] declared in com.metes.worthit.feature.add_item.AddItemScreenKt.AddItemRoute.<no name provided>.invokeSuspend.<no name provided>.emit.<no name provided>' type=android.content.Context origin=null
                                                  receiver: GET_VAR '<this>: com.metes.worthit.feature.add_item.AddItemScreenKt.AddItemRoute.<no name provided>.invokeSuspend.<no name provided>.emit.<no name provided> declared in com.metes.worthit.feature.add_item.AddItemScreenKt.AddItemRoute.<no name provided>.invokeSuspend.<no name provided>.emit.<no name provided>.create' type=com.metes.worthit.feature.add_item.AddItemScreenKt.AddItemRoute.<no name provided>.invokeSuspend.<no name provided>.emit.<no name provided> origin=null
                                                ARG $completion: GET_VAR '$completion: kotlin.coroutines.Continuation<kotlin.Nothing> declared in com.metes.worthit.feature.add_item.AddItemScreenKt.AddItemRoute.<no name provided>.invokeSuspend.<no name provided>.emit.<no name provided>.create' type=kotlin.coroutines.Continuation<kotlin.Nothing> origin=null
                                        FUN name:invoke visibility:public modality:FINAL returnType:kotlin.Any?
                                          VALUE_PARAMETER INSTANCE_RECEIVER kind:DispatchReceiver name:<this> index:0 type:com.metes.worthit.feature.add_item.AddItemScreenKt.AddItemRoute.<no name provided>.invokeSuspend.<no name provided>.emit.<no name provided>
                                          VALUE_PARAMETER kind:Regular name:p1 index:1 type:kotlinx.coroutines.CoroutineScope
                                          VALUE_PARAMETER kind:Regular name:p2 index:2 type:kotlin.coroutines.Continuation<kotlin.Unit>?
                                          overridden:
                                            public abstract fun invoke (p1: P1 of kotlin.jvm.functions.Function2, p2: P2 of kotlin.jvm.functions.Function2): R of kotlin.jvm.functions.Function2 declared in kotlin.jvm.functions.Function2
                                          BLOCK_BODY
                                            RETURN type=kotlin.Nothing from='public final fun invoke (p1: kotlinx.coroutines.CoroutineScope, p2: kotlin.coroutines.Continuation<kotlin.Unit>?): kotlin.Any? declared in com.metes.worthit.feature.add_item.AddItemScreenKt.AddItemRoute.<no name provided>.invokeSuspend.<no name provided>.emit.<no name provided>'
                                              CALL 'public final fun invokeSuspend ($result: kotlin.Result<kotlin.Any?>): kotlin.Any? declared in com.metes.worthit.feature.add_item.AddItemScreenKt.AddItemRoute.<no name provided>.invokeSuspend.<no name provided>.emit.<no name provided>' type=kotlin.Any? origin=null
                                                ARG <this>: TYPE_OP type=com.metes.worthit.feature.add_item.AddItemScreenKt.AddItemRoute.<no name provided>.invokeSuspend.<no name provided>.emit.<no name provided> origin=IMPLICIT_CAST typeOperand=com.metes.worthit.feature.add_item.AddItemScreenKt.AddItemRoute.<no name provided>.invokeSuspend.<no name provided>.emit.<no name provided>
                                                  CALL 'public final fun create (value: kotlin.Any?, $completion: kotlin.coroutines.Continuation<kotlin.Nothing>): kotlin.coroutines.Continuation<kotlin.Unit> declared in com.metes.worthit.feature.add_item.AddItemScreenKt.AddItemRoute.<no name provided>.invokeSuspend.<no name provided>.emit.<no name provided>' type=kotlin.coroutines.Continuation<kotlin.Unit> origin=null
                                                    ARG <this>: GET_VAR '<this>: com.metes.worthit.feature.add_item.AddItemScreenKt.AddItemRoute.<no name provided>.invokeSuspend.<no name provided>.emit.<no name provided> declared in com.metes.worthit.feature.add_item.AddItemScreenKt.AddItemRoute.<no name provided>.invokeSuspend.<no name provided>.emit.<no name provided>.invoke' type=com.metes.worthit.feature.add_item.AddItemScreenKt.AddItemRoute.<no name provided>.invokeSuspend.<no name provided>.emit.<no name provided> origin=null
                                                    ARG value: GET_VAR 'p1: kotlinx.coroutines.CoroutineScope declared in com.metes.worthit.feature.add_item.AddItemScreenKt.AddItemRoute.<no name provided>.invokeSuspend.<no name provided>.emit.<no name provided>.invoke' type=kotlinx.coroutines.CoroutineScope origin=null
                                                    ARG $completion: GET_VAR 'p2: kotlin.coroutines.Continuation<kotlin.Unit>? declared in com.metes.worthit.feature.add_item.AddItemScreenKt.AddItemRoute.<no name provided>.invokeSuspend.<no name provided>.emit.<no name provided>.invoke' type=kotlin.coroutines.Continuation<kotlin.Unit>? origin=null
                                                ARG $result: CALL 'public final fun <unsafe-coerce> <T, R> (v: T of kotlin.jvm.internal.<unsafe-coerce>): R of kotlin.jvm.internal.<unsafe-coerce> declared in kotlin.jvm.internal' type=kotlin.Result<kotlin.Any?> origin=null
                                                  TYPE_ARG T: kotlin.Any?
                                                  TYPE_ARG R: kotlin.Result<kotlin.Any?>
                                                  ARG v: GET_FIELD 'FIELD FIELD_FOR_OBJECT_INSTANCE name:INSTANCE type:kotlin.Unit visibility:public [final,static] declared in kotlin.Unit' type=kotlin.Unit origin=null
                                        FIELD FIELD_FOR_CAPTURED_VALUE name:$snackbarHostState type:androidx.compose.material3.SnackbarHostState visibility:public/*package*/ [final]
                                        FIELD FIELD_FOR_CAPTURED_VALUE name:$event type:com.metes.worthit.feature.add_item.AddItemEvent visibility:public/*package*/ [final]
                                        FIELD FIELD_FOR_CAPTURED_VALUE name:$context type:android.content.Context visibility:public/*package*/ [final]
                                        FUN BRIDGE name:invoke visibility:public modality:OPEN returnType:kotlin.Any?
                                          VALUE_PARAMETER INSTANCE_RECEIVER kind:DispatchReceiver name:<this> index:0 type:com.metes.worthit.feature.add_item.AddItemScreenKt.AddItemRoute.<no name provided>.invokeSuspend.<no name provided>.emit.<no name provided>
                                          VALUE_PARAMETER kind:Regular name:p1 index:1 type:kotlin.Any?
                                          VALUE_PARAMETER kind:Regular name:p2 index:2 type:kotlin.Any?
                                          EXPRESSION_BODY
                                            RETURN type=kotlin.Nothing from='public open fun invoke (p1: kotlin.Any?, p2: kotlin.Any?): kotlin.Any? declared in com.metes.worthit.feature.add_item.AddItemScreenKt.AddItemRoute.<no name provided>.invokeSuspend.<no name provided>.emit.<no name provided>'
                                              CALL 'public final fun invoke (p1: kotlinx.coroutines.CoroutineScope, p2: kotlin.coroutines.Continuation<kotlin.Unit>?): kotlin.Any? declared in com.metes.worthit.feature.add_item.AddItemScreenKt.AddItemRoute.<no name provided>.invokeSuspend.<no name provided>.emit.<no name provided>' type=kotlin.Any? origin=BRIDGE_DELEGATION
                                                ARG <this>: GET_VAR '<this>: com.metes.worthit.feature.add_item.AddItemScreenKt.AddItemRoute.<no name provided>.invokeSuspend.<no name provided>.emit.<no name provided> declared in com.metes.worthit.feature.add_item.AddItemScreenKt.AddItemRoute.<no name provided>.invokeSuspend.<no name provided>.emit.<no name provided>.invoke' type=com.metes.worthit.feature.add_item.AddItemScreenKt.AddItemRoute.<no name provided>.invokeSuspend.<no name provided>.emit.<no name provided> origin=null
                                                ARG p1: TYPE_OP type=kotlinx.coroutines.CoroutineScope origin=IMPLICIT_CAST typeOperand=kotlinx.coroutines.CoroutineScope
                                                  GET_VAR 'p1: kotlin.Any? declared in com.metes.worthit.feature.add_item.AddItemScreenKt.AddItemRoute.<no name provided>.invokeSuspend.<no name provided>.emit.<no name provided>.invoke' type=kotlin.Any? origin=null
                                                ARG p2: TYPE_OP type=kotlin.coroutines.Continuation<*> origin=IMPLICIT_CAST typeOperand=kotlin.coroutines.Continuation<*>
                                                  GET_VAR 'p2: kotlin.Any? declared in com.metes.worthit.feature.add_item.AddItemScreenKt.AddItemRoute.<no name provided>.invokeSuspend.<no name provided>.emit.<no name provided>.invoke' type=kotlin.Any? origin=null
                                      CONSTRUCTOR_CALL 'public/*package*/ constructor <init> ($snackbarHostState: androidx.compose.material3.SnackbarHostState, $event: com.metes.worthit.feature.add_item.AddItemEvent, $context: android.content.Context, $completion: kotlin.coroutines.Continuation<com.metes.worthit.feature.add_item.AddItemScreenKt.AddItemRoute.<no name provided>.invokeSuspend.<no name provided>.emit.<no name provided>>?) [primary] declared in com.metes.worthit.feature.add_item.AddItemScreenKt.AddItemRoute.<no name provided>.invokeSuspend.<no name provided>.emit.<no name provided>' type=com.metes.worthit.feature.add_item.AddItemScreenKt.AddItemRoute.<no name provided>.invokeSuspend.<no name provided>.emit.<no name provided> origin=null
                                        ARG $snackbarHostState: GET_FIELD 'FIELD FIELD_FOR_CAPTURED_VALUE name:$snackbarHostState type:androidx.compose.material3.SnackbarHostState visibility:public/*package*/ [final] declared in com.metes.worthit.feature.add_item.AddItemScreenKt.AddItemRoute.<no name provided>.invokeSuspend.<no name provided>' type=androidx.compose.material3.SnackbarHostState origin=null
                                          receiver: GET_VAR '<this>: com.metes.worthit.feature.add_item.AddItemScreenKt.AddItemRoute.<no name provided>.invokeSuspend.<no name provided><T of com.metes.worthit.feature.add_item.AddItemScreenKt.AddItemRoute.<no name provided>.invokeSuspend.<no name provided>> declared in com.metes.worthit.feature.add_item.AddItemScreenKt.AddItemRoute.<no name provided>.invokeSuspend.<no name provided>.emit' type=com.metes.worthit.feature.add_item.AddItemScreenKt.AddItemRoute.<no name provided>.invokeSuspend.<no name provided><T of com.metes.worthit.feature.add_item.AddItemScreenKt.AddItemRoute.<no name provided>.invokeSuspend.<no name provided>> origin=null
                                        ARG $event: GET_VAR 'event: com.metes.worthit.feature.add_item.AddItemEvent declared in com.metes.worthit.feature.add_item.AddItemScreenKt.AddItemRoute.<no name provided>.invokeSuspend.<no name provided>.emit' type=com.metes.worthit.feature.add_item.AddItemEvent origin=null
                                        ARG $context: GET_FIELD 'FIELD FIELD_FOR_CAPTURED_VALUE name:$context type:android.content.Context visibility:public/*package*/ [final] declared in com.metes.worthit.feature.add_item.AddItemScreenKt.AddItemRoute.<no name provided>.invokeSuspend.<no name provided>' type=android.content.Context origin=null
                                          receiver: GET_VAR '<this>: com.metes.worthit.feature.add_item.AddItemScreenKt.AddItemRoute.<no name provided>.invokeSuspend.<no name provided><T of com.metes.worthit.feature.add_item.AddItemScreenKt.AddItemRoute.<no name provided>.invokeSuspend.<no name provided>> declared in com.metes.worthit.feature.add_item.AddItemScreenKt.AddItemRoute.<no name provided>.invokeSuspend.<no name provided>.emit' type=com.metes.worthit.feature.add_item.AddItemScreenKt.AddItemRoute.<no name provided>.invokeSuspend.<no name provided><T of com.metes.worthit.feature.add_item.AddItemScreenKt.AddItemRoute.<no name provided>.invokeSuspend.<no name provided>> origin=null
                                        ARG $completion: CONST Null type=kotlin.Nothing? value=null
                                    ARG $mask0: CONST Int type=kotlin.Int value=3
                                    ARG $handler: CONST Null type=kotlin.Any? value=null
                              BRANCH
                                if: CONST Boolean type=kotlin.Boolean value=true
                                then: BLOCK type=kotlin.Nothing origin=null
                                  CALL 'public final fun noWhenBranchMatchedException (): kotlin.Nothing declared in kotlin.internal.ir' type=kotlin.Nothing origin=null
                                  CALL 'public final fun throwKotlinNothingValueException (): kotlin.Nothing declared in kotlin.jvm.internal.Intrinsics' type=kotlin.Nothing origin=null
                          COMPOSITE type=kotlin.Unit origin=null
                    FUN FAKE_OVERRIDE name:equals visibility:public modality:OPEN returnType:kotlin.Boolean [fake_override,operator]
                      VALUE_PARAMETER kind:DispatchReceiver name:<this> index:0 type:kotlin.Any
                      VALUE_PARAMETER kind:Regular name:other index:1 type:kotlin.Any?
                      overridden:
                        public open fun equals (other: kotlin.Any?): kotlin.Boolean [fake_override,operator] declared in kotlinx.coroutines.flow.FlowCollector
                    FUN FAKE_OVERRIDE name:hashCode visibility:public modality:OPEN returnType:kotlin.Int [fake_override]
                      VALUE_PARAMETER kind:DispatchReceiver name:<this> index:0 type:kotlin.Any
                      overridden:
                        public open fun hashCode (): kotlin.Int [fake_override] declared in kotlinx.coroutines.flow.FlowCollector
                    FUN FAKE_OVERRIDE name:toString visibility:public modality:OPEN returnType:kotlin.String [fake_override]
                      VALUE_PARAMETER kind:DispatchReceiver name:<this> index:0 type:kotlin.Any
                      overridden:
                        public open fun toString (): kotlin.String [fake_override] declared in kotlinx.coroutines.flow.FlowCollector
                    FIELD FIELD_FOR_CAPTURED_VALUE name:$onNavigateToItems type:kotlin.Function0<kotlin.Unit> visibility:public/*package*/ [final]
                    FIELD FIELD_FOR_CAPTURED_VALUE name:$$this$LaunchedEffect type:kotlinx.coroutines.CoroutineScope visibility:public/*package*/ [final]
                    FIELD FIELD_FOR_CAPTURED_VALUE name:$snackbarHostState type:androidx.compose.material3.SnackbarHostState visibility:public/*package*/ [final]
                    FIELD FIELD_FOR_CAPTURED_VALUE name:$context type:android.content.Context visibility:public/*package*/ [final]
                    FUN BRIDGE name:emit visibility:public modality:OPEN returnType:kotlin.Any? [suspend]
                      VALUE_PARAMETER INSTANCE_RECEIVER kind:DispatchReceiver name:<this> index:0 type:com.metes.worthit.feature.add_item.AddItemScreenKt.AddItemRoute.<no name provided>.invokeSuspend.<no name provided><T of com.metes.worthit.feature.add_item.AddItemScreenKt.AddItemRoute.<no name provided>.invokeSuspend.<no name provided>>
                      VALUE_PARAMETER kind:Regular name:value index:1 type:kotlin.Any?
                      VALUE_PARAMETER CONTINUATION_CLASS kind:Regular name:$completion index:2 type:kotlin.coroutines.Continuation<kotlin.Unit>
                      EXPRESSION_BODY
                        RETURN type=kotlin.Nothing from='public open fun emit (value: kotlin.Any?, $completion: kotlin.coroutines.Continuation<kotlin.Unit>): kotlin.Any? [suspend] declared in com.metes.worthit.feature.add_item.AddItemScreenKt.AddItemRoute.<no name provided>.invokeSuspend.<no name provided>'
                          CALL 'public final fun emit (event: com.metes.worthit.feature.add_item.AddItemEvent, $completion: kotlin.coroutines.Continuation<kotlin.Unit>): kotlin.Any? [suspend] declared in com.metes.worthit.feature.add_item.AddItemScreenKt.AddItemRoute.<no name provided>.invokeSuspend.<no name provided>' type=kotlin.Any? origin=BRIDGE_DELEGATION
                            ARG <this>: GET_VAR '<this>: com.metes.worthit.feature.add_item.AddItemScreenKt.AddItemRoute.<no name provided>.invokeSuspend.<no name provided><T of com.metes.worthit.feature.add_item.AddItemScreenKt.AddItemRoute.<no name provided>.invokeSuspend.<no name provided>> declared in com.metes.worthit.feature.add_item.AddItemScreenKt.AddItemRoute.<no name provided>.invokeSuspend.<no name provided>.emit' type=com.metes.worthit.feature.add_item.AddItemScreenKt.AddItemRoute.<no name provided>.invokeSuspend.<no name provided><T of com.metes.worthit.feature.add_item.AddItemScreenKt.AddItemRoute.<no name provided>.invokeSuspend.<no name provided>> origin=null
                            ARG event: TYPE_OP type=com.metes.worthit.feature.add_item.AddItemEvent origin=IMPLICIT_CAST typeOperand=com.metes.worthit.feature.add_item.AddItemEvent
                              GET_VAR 'value: kotlin.Any? declared in com.metes.worthit.feature.add_item.AddItemScreenKt.AddItemRoute.<no name provided>.invokeSuspend.<no name provided>.emit' type=kotlin.Any? origin=null
                            ARG $completion: TYPE_OP type=kotlin.coroutines.Continuation<*> origin=IMPLICIT_CAST typeOperand=kotlin.coroutines.Continuation<*>
                              GET_VAR '$completion: kotlin.coroutines.Continuation<kotlin.Unit> declared in com.metes.worthit.feature.add_item.AddItemScreenKt.AddItemRoute.<no name provided>.invokeSuspend.<no name provided>.emit' type=kotlin.coroutines.Continuation<kotlin.Unit> origin=null
                  CONSTRUCTOR_CALL 'public/*package*/ constructor <init> ($onNavigateToItems: kotlin.Function0<kotlin.Unit>, $$this$LaunchedEffect: kotlinx.coroutines.CoroutineScope, $snackbarHostState: androidx.compose.material3.SnackbarHostState, $context: android.content.Context) [primary] declared in com.metes.worthit.feature.add_item.AddItemScreenKt.AddItemRoute.<no name provided>.invokeSuspend.<no name provided>' type=com.metes.worthit.feature.add_item.AddItemScreenKt.AddItemRoute.<no name provided>.invokeSuspend.<no name provided><T of com.metes.worthit.feature.add_item.AddItemScreenKt.AddItemRoute.<no name provided>.invokeSuspend.<no name provided>> origin=null
                    TYPE_ARG (of class) T: <none>
                    ARG $onNavigateToItems: GET_FIELD 'FIELD FIELD_FOR_CAPTURED_VALUE name:$onNavigateToItems type:kotlin.Function0<kotlin.Unit> visibility:public/*package*/ [final] declared in com.metes.worthit.feature.add_item.AddItemScreenKt.AddItemRoute.<no name provided>' type=kotlin.Function0<kotlin.Unit> origin=null
                      receiver: GET_VAR '<this>: com.metes.worthit.feature.add_item.AddItemScreenKt.AddItemRoute.<no name provided> declared in com.metes.worthit.feature.add_item.AddItemScreenKt.AddItemRoute.<no name provided>.invokeSuspend' type=com.metes.worthit.feature.add_item.AddItemScreenKt.AddItemRoute.<no name provided> origin=null
                    ARG $$this$LaunchedEffect: GET_VAR 'val $this$LaunchedEffect: kotlinx.coroutines.CoroutineScope [val] declared in com.metes.worthit.feature.add_item.AddItemScreenKt.AddItemRoute.<no name provided>.invokeSuspend' type=kotlinx.coroutines.CoroutineScope origin=null
                    ARG $snackbarHostState: GET_FIELD 'FIELD FIELD_FOR_CAPTURED_VALUE name:$snackbarHostState type:androidx.compose.material3.SnackbarHostState visibility:public/*package*/ [final] declared in com.metes.worthit.feature.add_item.AddItemScreenKt.AddItemRoute.<no name provided>' type=androidx.compose.material3.SnackbarHostState origin=null
                      receiver: GET_VAR '<this>: com.metes.worthit.feature.add_item.AddItemScreenKt.AddItemRoute.<no name provided> declared in com.metes.worthit.feature.add_item.AddItemScreenKt.AddItemRoute.<no name provided>.invokeSuspend' type=com.metes.worthit.feature.add_item.AddItemScreenKt.AddItemRoute.<no name provided> origin=null
                    ARG $context: GET_FIELD 'FIELD FIELD_FOR_CAPTURED_VALUE name:$context type:android.content.Context visibility:public/*package*/ [final] declared in com.metes.worthit.feature.add_item.AddItemScreenKt.AddItemRoute.<no name provided>' type=android.content.Context origin=null
                      receiver: GET_VAR '<this>: com.metes.worthit.feature.add_item.AddItemScreenKt.AddItemRoute.<no name provided> declared in com.metes.worthit.feature.add_item.AddItemScreenKt.AddItemRoute.<no name provided>.invokeSuspend' type=com.metes.worthit.feature.add_item.AddItemScreenKt.AddItemRoute.<no name provided> origin=null
                ARG $completion: GET_VAR '<this>: com.metes.worthit.feature.add_item.AddItemScreenKt.AddItemRoute.<no name provided> declared in com.metes.worthit.feature.add_item.AddItemScreenKt.AddItemRoute.<no name provided>.invokeSuspend' type=com.metes.worthit.feature.add_item.AddItemScreenKt.AddItemRoute.<no name provided> origin=null
          FUN name:create visibility:public modality:FINAL returnType:kotlin.coroutines.Continuation<kotlin.Unit>
            VALUE_PARAMETER INSTANCE_RECEIVER kind:DispatchReceiver name:<this> index:0 type:com.metes.worthit.feature.add_item.AddItemScreenKt.AddItemRoute.<no name provided>
            VALUE_PARAMETER kind:Regular name:value index:1 type:kotlin.Any?
            VALUE_PARAMETER kind:Regular name:$completion index:2 type:kotlin.coroutines.Continuation<kotlin.Nothing>
            overridden:
              public open fun create (value: kotlin.Any?, $completion: kotlin.coroutines.Continuation<kotlin.Nothing>): kotlin.coroutines.Continuation<kotlin.Unit> declared in kotlin.coroutines.jvm.internal.SuspendLambda
            BLOCK_BODY
              VAR IR_TEMPORARY_VARIABLE name:tmp0_result type:com.metes.worthit.feature.add_item.AddItemScreenKt.AddItemRoute.<no name provided> [val]
                CONSTRUCTOR_CALL 'public/*package*/ constructor <init> ($viewModel: com.metes.worthit.feature.add_item.AddItemViewModel, $onNavigateToItems: kotlin.Function0<kotlin.Unit>, $snackbarHostState: androidx.compose.material3.SnackbarHostState, $context: android.content.Context, $completion: kotlin.coroutines.Continuation<com.metes.worthit.feature.add_item.AddItemScreenKt.AddItemRoute.<no name provided>>?) [primary] declared in com.metes.worthit.feature.add_item.AddItemScreenKt.AddItemRoute.<no name provided>' type=com.metes.worthit.feature.add_item.AddItemScreenKt.AddItemRoute.<no name provided> origin=null
                  ARG $viewModel: GET_FIELD 'FIELD FIELD_FOR_CAPTURED_VALUE name:$viewModel type:com.metes.worthit.feature.add_item.AddItemViewModel visibility:public/*package*/ [final] declared in com.metes.worthit.feature.add_item.AddItemScreenKt.AddItemRoute.<no name provided>' type=com.metes.worthit.feature.add_item.AddItemViewModel origin=null
                    receiver: GET_VAR '<this>: com.metes.worthit.feature.add_item.AddItemScreenKt.AddItemRoute.<no name provided> declared in com.metes.worthit.feature.add_item.AddItemScreenKt.AddItemRoute.<no name provided>.create' type=com.metes.worthit.feature.add_item.AddItemScreenKt.AddItemRoute.<no name provided> origin=null
                  ARG $onNavigateToItems: GET_FIELD 'FIELD FIELD_FOR_CAPTURED_VALUE name:$onNavigateToItems type:kotlin.Function0<kotlin.Unit> visibility:public/*package*/ [final] declared in com.metes.worthit.feature.add_item.AddItemScreenKt.AddItemRoute.<no name provided>' type=kotlin.Function0<kotlin.Unit> origin=null
                    receiver: GET_VAR '<this>: com.metes.worthit.feature.add_item.AddItemScreenKt.AddItemRoute.<no name provided> declared in com.metes.worthit.feature.add_item.AddItemScreenKt.AddItemRoute.<no name provided>.create' type=com.metes.worthit.feature.add_item.AddItemScreenKt.AddItemRoute.<no name provided> origin=null
                  ARG $snackbarHostState: GET_FIELD 'FIELD FIELD_FOR_CAPTURED_VALUE name:$snackbarHostState type:androidx.compose.material3.SnackbarHostState visibility:public/*package*/ [final] declared in com.metes.worthit.feature.add_item.AddItemScreenKt.AddItemRoute.<no name provided>' type=androidx.compose.material3.SnackbarHostState origin=null
                    receiver: GET_VAR '<this>: com.metes.worthit.feature.add_item.AddItemScreenKt.AddItemRoute.<no name provided> declared in com.metes.worthit.feature.add_item.AddItemScreenKt.AddItemRoute.<no name provided>.create' type=com.metes.worthit.feature.add_item.AddItemScreenKt.AddItemRoute.<no name provided> origin=null
                  ARG $context: GET_FIELD 'FIELD FIELD_FOR_CAPTURED_VALUE name:$context type:android.content.Context visibility:public/*package*/ [final] declared in com.metes.worthit.feature.add_item.AddItemScreenKt.AddItemRoute.<no name provided>' type=android.content.Context origin=null
                    receiver: GET_VAR '<this>: com.metes.worthit.feature.add_item.AddItemScreenKt.AddItemRoute.<no name provided> declared in com.metes.worthit.feature.add_item.AddItemScreenKt.AddItemRoute.<no name provided>.create' type=com.metes.worthit.feature.add_item.AddItemScreenKt.AddItemRoute.<no name provided> origin=null
                  ARG $completion: GET_VAR '$completion: kotlin.coroutines.Continuation<kotlin.Nothing> declared in com.metes.worthit.feature.add_item.AddItemScreenKt.AddItemRoute.<no name provided>.create' type=kotlin.coroutines.Continuation<kotlin.Nothing> origin=null
              SET_FIELD 'FIELD FIELD_FOR_CAPTURED_VALUE name:L$0 type:kotlin.Any? visibility:private declared in com.metes.worthit.feature.add_item.AddItemScreenKt.AddItemRoute.<no name provided>' type=kotlin.Unit origin=null
                receiver: GET_VAR 'val tmp0_result: com.metes.worthit.feature.add_item.AddItemScreenKt.AddItemRoute.<no name provided> [val] declared in com.metes.worthit.feature.add_item.AddItemScreenKt.AddItemRoute.<no name provided>.create' type=com.metes.worthit.feature.add_item.AddItemScreenKt.AddItemRoute.<no name provided> origin=null
                value: GET_VAR 'value: kotlin.Any? declared in com.metes.worthit.feature.add_item.AddItemScreenKt.AddItemRoute.<no name provided>.create' type=kotlin.Any? origin=null
              RETURN type=kotlin.Nothing from='public final fun create (value: kotlin.Any?, $completion: kotlin.coroutines.Continuation<kotlin.Nothing>): kotlin.coroutines.Continuation<kotlin.Unit> declared in com.metes.worthit.feature.add_item.AddItemScreenKt.AddItemRoute.<no name provided>'
                GET_VAR 'val tmp0_result: com.metes.worthit.feature.add_item.AddItemScreenKt.AddItemRoute.<no name provided> [val] declared in com.metes.worthit.feature.add_item.AddItemScreenKt.AddItemRoute.<no name provided>.create' type=com.metes.worthit.feature.add_item.AddItemScreenKt.AddItemRoute.<no name provided> origin=null
          FUN name:invoke visibility:public modality:FINAL returnType:kotlin.Any?
            VALUE_PARAMETER INSTANCE_RECEIVER kind:DispatchReceiver name:<this> index:0 type:com.metes.worthit.feature.add_item.AddItemScreenKt.AddItemRoute.<no name provided>
            VALUE_PARAMETER kind:Regular name:p1 index:1 type:kotlinx.coroutines.CoroutineScope
            VALUE_PARAMETER kind:Regular name:p2 index:2 type:kotlin.coroutines.Continuation<kotlin.Unit>?
            overridden:
              public abstract fun invoke (p1: P1 of kotlin.jvm.functions.Function2, p2: P2 of kotlin.jvm.functions.Function2): R of kotlin.jvm.functions.Function2 declared in kotlin.jvm.functions.Function2
            BLOCK_BODY
              RETURN type=kotlin.Nothing from='public final fun invoke (p1: kotlinx.coroutines.CoroutineScope, p2: kotlin.coroutines.Continuation<kotlin.Unit>?): kotlin.Any? declared in com.metes.worthit.feature.add_item.AddItemScreenKt.AddItemRoute.<no name provided>'
                CALL 'public final fun invokeSuspend ($result: kotlin.Result<kotlin.Any?>): kotlin.Any? declared in com.metes.worthit.feature.add_item.AddItemScreenKt.AddItemRoute.<no name provided>' type=kotlin.Any? origin=null
                  ARG <this>: TYPE_OP type=com.metes.worthit.feature.add_item.AddItemScreenKt.AddItemRoute.<no name provided> origin=IMPLICIT_CAST typeOperand=com.metes.worthit.feature.add_item.AddItemScreenKt.AddItemRoute.<no name provided>
                    CALL 'public final fun create (value: kotlin.Any?, $completion: kotlin.coroutines.Continuation<kotlin.Nothing>): kotlin.coroutines.Continuation<kotlin.Unit> declared in com.metes.worthit.feature.add_item.AddItemScreenKt.AddItemRoute.<no name provided>' type=kotlin.coroutines.Continuation<kotlin.Unit> origin=null
                      ARG <this>: GET_VAR '<this>: com.metes.worthit.feature.add_item.AddItemScreenKt.AddItemRoute.<no name provided> declared in com.metes.worthit.feature.add_item.AddItemScreenKt.AddItemRoute.<no name provided>.invoke' type=com.metes.worthit.feature.add_item.AddItemScreenKt.AddItemRoute.<no name provided> origin=null
                      ARG value: GET_VAR 'p1: kotlinx.coroutines.CoroutineScope declared in com.metes.worthit.feature.add_item.AddItemScreenKt.AddItemRoute.<no name provided>.invoke' type=kotlinx.coroutines.CoroutineScope origin=null
                      ARG $completion: GET_VAR 'p2: kotlin.coroutines.Continuation<kotlin.Unit>? declared in com.metes.worthit.feature.add_item.AddItemScreenKt.AddItemRoute.<no name provided>.invoke' type=kotlin.coroutines.Continuation<kotlin.Unit>? origin=null
                  ARG $result: CALL 'public final fun <unsafe-coerce> <T, R> (v: T of kotlin.jvm.internal.<unsafe-coerce>): R of kotlin.jvm.internal.<unsafe-coerce> declared in kotlin.jvm.internal' type=kotlin.Result<kotlin.Any?> origin=null
                    TYPE_ARG T: kotlin.Any?
                    TYPE_ARG R: kotlin.Result<kotlin.Any?>
                    ARG v: GET_FIELD 'FIELD FIELD_FOR_OBJECT_INSTANCE name:INSTANCE type:kotlin.Unit visibility:public [final,static] declared in kotlin.Unit' type=kotlin.Unit origin=null
          FIELD FIELD_FOR_CAPTURED_VALUE name:$viewModel type:com.metes.worthit.feature.add_item.AddItemViewModel visibility:public/*package*/ [final]
          FIELD FIELD_FOR_CAPTURED_VALUE name:$onNavigateToItems type:kotlin.Function0<kotlin.Unit> visibility:public/*package*/ [final]
          FIELD FIELD_FOR_CAPTURED_VALUE name:$snackbarHostState type:androidx.compose.material3.SnackbarHostState visibility:public/*package*/ [final]
          FIELD FIELD_FOR_CAPTURED_VALUE name:$context type:android.content.Context visibility:public/*package*/ [final]
          FUN BRIDGE name:invoke visibility:public modality:OPEN returnType:kotlin.Any?
            VALUE_PARAMETER INSTANCE_RECEIVER kind:DispatchReceiver name:<this> index:0 type:com.metes.worthit.feature.add_item.AddItemScreenKt.AddItemRoute.<no name provided>
            VALUE_PARAMETER kind:Regular name:p1 index:1 type:kotlin.Any?
            VALUE_PARAMETER kind:Regular name:p2 index:2 type:kotlin.Any?
            EXPRESSION_BODY
              RETURN type=kotlin.Nothing from='public open fun invoke (p1: kotlin.Any?, p2: kotlin.Any?): kotlin.Any? declared in com.metes.worthit.feature.add_item.AddItemScreenKt.AddItemRoute.<no name provided>'
                CALL 'public final fun invoke (p1: kotlinx.coroutines.CoroutineScope, p2: kotlin.coroutines.Continuation<kotlin.Unit>?): kotlin.Any? declared in com.metes.worthit.feature.add_item.AddItemScreenKt.AddItemRoute.<no name provided>' type=kotlin.Any? origin=BRIDGE_DELEGATION
                  ARG <this>: GET_VAR '<this>: com.metes.worthit.feature.add_item.AddItemScreenKt.AddItemRoute.<no name provided> declared in com.metes.worthit.feature.add_item.AddItemScreenKt.AddItemRoute.<no name provided>.invoke' type=com.metes.worthit.feature.add_item.AddItemScreenKt.AddItemRoute.<no name provided> origin=null
                  ARG p1: TYPE_OP type=kotlinx.coroutines.CoroutineScope origin=IMPLICIT_CAST typeOperand=kotlinx.coroutines.CoroutineScope
                    GET_VAR 'p1: kotlin.Any? declared in com.metes.worthit.feature.add_item.AddItemScreenKt.AddItemRoute.<no name provided>.invoke' type=kotlin.Any? origin=null
                  ARG p2: TYPE_OP type=kotlin.coroutines.Continuation<*> origin=IMPLICIT_CAST typeOperand=kotlin.coroutines.Continuation<*>
                    GET_VAR 'p2: kotlin.Any? declared in com.metes.worthit.feature.add_item.AddItemScreenKt.AddItemRoute.<no name provided>.invoke' type=kotlin.Any? origin=null
        CONSTRUCTOR_CALL 'public/*package*/ constructor <init> ($viewModel: com.metes.worthit.feature.add_item.AddItemViewModel, $onNavigateToItems: kotlin.Function0<kotlin.Unit>, $snackbarHostState: androidx.compose.material3.SnackbarHostState, $context: android.content.Context, $completion: kotlin.coroutines.Continuation<com.metes.worthit.feature.add_item.AddItemScreenKt.AddItemRoute.<no name provided>>?) [primary] declared in com.metes.worthit.feature.add_item.AddItemScreenKt.AddItemRoute.<no name provided>' type=com.metes.worthit.feature.add_item.AddItemScreenKt.AddItemRoute.<no name provided> origin=null
          ARG $viewModel: GET_VAR 'viewModel: com.metes.worthit.feature.add_item.AddItemViewModel declared in com.metes.worthit.feature.add_item.AddItemScreenKt.AddItemRoute' type=com.metes.worthit.feature.add_item.AddItemViewModel origin=null
          ARG $onNavigateToItems: GET_VAR 'onNavigateToItems: kotlin.Function0<kotlin.Unit> declared in com.metes.worthit.feature.add_item.AddItemScreenKt.AddItemRoute' type=kotlin.Function0<kotlin.Unit> origin=null
          ARG $snackbarHostState: GET_VAR 'val snackbarHostState: androidx.compose.material3.SnackbarHostState [val] declared in com.metes.worthit.feature.add_item.AddItemScreenKt.AddItemRoute' type=androidx.compose.material3.SnackbarHostState origin=null
          ARG $context: GET_VAR 'val context: android.content.Context [val] declared in com.metes.worthit.feature.add_item.AddItemScreenKt.AddItemRoute' type=android.content.Context origin=null
          ARG $completion: CONST Null type=kotlin.Nothing? value=null
    CALL 'public final fun LaunchedEffect (key1: kotlin.Any?, block: @[ExtensionFunctionType] kotlin.coroutines.SuspendFunction1<kotlinx.coroutines.CoroutineScope, kotlin.Unit>): kotlin.Unit declared in androidx.compose.runtime.EffectsKt' type=kotlin.Unit origin=null
      ARG key1: GET_VAR 'imageUri: android.net.Uri? declared in com.metes.worthit.feature.add_item.AddItemScreenKt.AddItemRoute' type=android.net.Uri? origin=null
      ARG block: BLOCK type=com.metes.worthit.feature.add_item.AddItemScreenKt.AddItemRoute.<no name provided> origin=null
        CLASS SUSPEND_LAMBDA CLASS name:<no name provided> modality:FINAL visibility:public/*package*/ superTypes:[kotlin.coroutines.jvm.internal.SuspendLambda; kotlin.jvm.functions.Function2<kotlinx.coroutines.CoroutineScope, kotlin.coroutines.Continuation<kotlin.Unit>?, kotlin.Any?>]
          thisReceiver: VALUE_PARAMETER INSTANCE_RECEIVER kind:DispatchReceiver name:<this> type:com.metes.worthit.feature.add_item.AddItemScreenKt.AddItemRoute.<no name provided>
          FIELD name:label type:kotlin.Int visibility:public/*package*/
          CONSTRUCTOR SUSPEND_LAMBDA visibility:public/*package*/ returnType:com.metes.worthit.feature.add_item.AddItemScreenKt.AddItemRoute.<no name provided> [primary]
            VALUE_PARAMETER BOUND_VALUE_PARAMETER kind:Regular name:$imageUri index:0 type:android.net.Uri?
            VALUE_PARAMETER BOUND_VALUE_PARAMETER kind:Regular name:$viewModel index:1 type:com.metes.worthit.feature.add_item.AddItemViewModel
            VALUE_PARAMETER kind:Regular name:$completion index:2 type:kotlin.coroutines.Continuation<com.metes.worthit.feature.add_item.AddItemScreenKt.AddItemRoute.<no name provided>>?
            BLOCK_BODY
              SET_FIELD 'FIELD FIELD_FOR_CAPTURED_VALUE name:$imageUri type:android.net.Uri? visibility:public/*package*/ [final] declared in com.metes.worthit.feature.add_item.AddItemScreenKt.AddItemRoute.<no name provided>' type=kotlin.Unit origin=INITIALIZER_OF_FIELD_FOR_CAPTURED_VALUE
                receiver: GET_VAR '<this>: com.metes.worthit.feature.add_item.AddItemScreenKt.AddItemRoute.<no name provided> declared in com.metes.worthit.feature.add_item.AddItemScreenKt.AddItemRoute.<no name provided>' type=com.metes.worthit.feature.add_item.AddItemScreenKt.AddItemRoute.<no name provided> origin=null
                value: GET_VAR '$imageUri: android.net.Uri? declared in com.metes.worthit.feature.add_item.AddItemScreenKt.AddItemRoute.<no name provided>.<init>' type=android.net.Uri? origin=null
              SET_FIELD 'FIELD FIELD_FOR_CAPTURED_VALUE name:$viewModel type:com.metes.worthit.feature.add_item.AddItemViewModel visibility:public/*package*/ [final] declared in com.metes.worthit.feature.add_item.AddItemScreenKt.AddItemRoute.<no name provided>' type=kotlin.Unit origin=INITIALIZER_OF_FIELD_FOR_CAPTURED_VALUE
                receiver: GET_VAR '<this>: com.metes.worthit.feature.add_item.AddItemScreenKt.AddItemRoute.<no name provided> declared in com.metes.worthit.feature.add_item.AddItemScreenKt.AddItemRoute.<no name provided>' type=com.metes.worthit.feature.add_item.AddItemScreenKt.AddItemRoute.<no name provided> origin=null
                value: GET_VAR '$viewModel: com.metes.worthit.feature.add_item.AddItemViewModel declared in com.metes.worthit.feature.add_item.AddItemScreenKt.AddItemRoute.<no name provided>.<init>' type=com.metes.worthit.feature.add_item.AddItemViewModel origin=null
              DELEGATING_CONSTRUCTOR_CALL 'public constructor <init> (arity: kotlin.Int, $completion: kotlin.coroutines.Continuation<kotlin.Any?>?) declared in kotlin.coroutines.jvm.internal.SuspendLambda'
                ARG arity: CONST Int type=kotlin.Int value=2
                ARG $completion: GET_VAR '$completion: kotlin.coroutines.Continuation<com.metes.worthit.feature.add_item.AddItemScreenKt.AddItemRoute.<no name provided>>? declared in com.metes.worthit.feature.add_item.AddItemScreenKt.AddItemRoute.<no name provided>.<init>' type=kotlin.coroutines.Continuation<com.metes.worthit.feature.add_item.AddItemScreenKt.AddItemRoute.<no name provided>>? origin=null
              BLOCK type=kotlin.Unit origin=null
          FUN name:invokeSuspend visibility:public modality:FINAL returnType:kotlin.Any?
            VALUE_PARAMETER INSTANCE_RECEIVER kind:DispatchReceiver name:<this> index:0 type:com.metes.worthit.feature.add_item.AddItemScreenKt.AddItemRoute.<no name provided>
            VALUE_PARAMETER kind:Regular name:$result index:1 type:kotlin.Result<kotlin.Any?>
            overridden:
              protected abstract fun invokeSuspend ($result: kotlin.Result<kotlin.Any?>): kotlin.Any? declared in kotlin.coroutines.jvm.internal.SuspendLambda
            BLOCK_BODY
              WHEN type=kotlin.Unit origin=IF
                BRANCH
                  if: CALL 'public final fun not (): kotlin.Boolean [operator] declared in kotlin.Boolean' type=kotlin.Boolean origin=EXCLEQ
                    ARG <this>: CALL 'public final fun EQEQ (arg0: kotlin.Any?, arg1: kotlin.Any?): kotlin.Boolean declared in kotlin.internal.ir' type=kotlin.Boolean origin=EXCLEQ
                      ARG arg0: GET_FIELD 'FIELD FIELD_FOR_CAPTURED_VALUE name:$imageUri type:android.net.Uri? visibility:public/*package*/ [final] declared in com.metes.worthit.feature.add_item.AddItemScreenKt.AddItemRoute.<no name provided>' type=android.net.Uri? origin=null
                        receiver: GET_VAR '<this>: com.metes.worthit.feature.add_item.AddItemScreenKt.AddItemRoute.<no name provided> declared in com.metes.worthit.feature.add_item.AddItemScreenKt.AddItemRoute.<no name provided>.invokeSuspend' type=com.metes.worthit.feature.add_item.AddItemScreenKt.AddItemRoute.<no name provided> origin=null
                      ARG arg1: CONST Null type=kotlin.Nothing? value=null
                  then: BLOCK type=kotlin.Unit origin=null
                    CALL 'public final fun processCommand (command: com.metes.worthit.feature.add_item.AddItemCommand): kotlin.Unit declared in com.metes.worthit.feature.add_item.AddItemViewModel' type=kotlin.Unit origin=null
                      ARG <this>: GET_FIELD 'FIELD FIELD_FOR_CAPTURED_VALUE name:$viewModel type:com.metes.worthit.feature.add_item.AddItemViewModel visibility:public/*package*/ [final] declared in com.metes.worthit.feature.add_item.AddItemScreenKt.AddItemRoute.<no name provided>' type=com.metes.worthit.feature.add_item.AddItemViewModel origin=null
                        receiver: GET_VAR '<this>: com.metes.worthit.feature.add_item.AddItemScreenKt.AddItemRoute.<no name provided> declared in com.metes.worthit.feature.add_item.AddItemScreenKt.AddItemRoute.<no name provided>.invokeSuspend' type=com.metes.worthit.feature.add_item.AddItemScreenKt.AddItemRoute.<no name provided> origin=null
                      ARG command: CONSTRUCTOR_CALL 'public constructor <init> (uri: android.net.Uri) [primary] declared in com.metes.worthit.feature.add_item.AddItemCommand.SelectImage' type=com.metes.worthit.feature.add_item.AddItemCommand.SelectImage origin=null
                        ARG uri: TYPE_OP type=android.net.Uri origin=IMPLICIT_CAST typeOperand=android.net.Uri
                          GET_FIELD 'FIELD FIELD_FOR_CAPTURED_VALUE name:$imageUri type:android.net.Uri? visibility:public/*package*/ [final] declared in com.metes.worthit.feature.add_item.AddItemScreenKt.AddItemRoute.<no name provided>' type=android.net.Uri? origin=null
                            receiver: GET_VAR '<this>: com.metes.worthit.feature.add_item.AddItemScreenKt.AddItemRoute.<no name provided> declared in com.metes.worthit.feature.add_item.AddItemScreenKt.AddItemRoute.<no name provided>.invokeSuspend' type=com.metes.worthit.feature.add_item.AddItemScreenKt.AddItemRoute.<no name provided> origin=null
          FUN name:create visibility:public modality:FINAL returnType:kotlin.coroutines.Continuation<kotlin.Unit>
            VALUE_PARAMETER INSTANCE_RECEIVER kind:DispatchReceiver name:<this> index:0 type:com.metes.worthit.feature.add_item.AddItemScreenKt.AddItemRoute.<no name provided>
            VALUE_PARAMETER kind:Regular name:value index:1 type:kotlin.Any?
            VALUE_PARAMETER kind:Regular name:$completion index:2 type:kotlin.coroutines.Continuation<kotlin.Nothing>
            overridden:
              public open fun create (value: kotlin.Any?, $completion: kotlin.coroutines.Continuation<kotlin.Nothing>): kotlin.coroutines.Continuation<kotlin.Unit> declared in kotlin.coroutines.jvm.internal.SuspendLambda
            BLOCK_BODY
              RETURN type=kotlin.Nothing from='public final fun create (value: kotlin.Any?, $completion: kotlin.coroutines.Continuation<kotlin.Nothing>): kotlin.coroutines.Continuation<kotlin.Unit> declared in com.metes.worthit.feature.add_item.AddItemScreenKt.AddItemRoute.<no name provided>'
                CONSTRUCTOR_CALL 'public/*package*/ constructor <init> ($imageUri: android.net.Uri?, $viewModel: com.metes.worthit.feature.add_item.AddItemViewModel, $completion: kotlin.coroutines.Continuation<com.metes.worthit.feature.add_item.AddItemScreenKt.AddItemRoute.<no name provided>>?) [primary] declared in com.metes.worthit.feature.add_item.AddItemScreenKt.AddItemRoute.<no name provided>' type=com.metes.worthit.feature.add_item.AddItemScreenKt.AddItemRoute.<no name provided> origin=null
                  ARG $imageUri: GET_FIELD 'FIELD FIELD_FOR_CAPTURED_VALUE name:$imageUri type:android.net.Uri? visibility:public/*package*/ [final] declared in com.metes.worthit.feature.add_item.AddItemScreenKt.AddItemRoute.<no name provided>' type=android.net.Uri? origin=null
                    receiver: GET_VAR '<this>: com.metes.worthit.feature.add_item.AddItemScreenKt.AddItemRoute.<no name provided> declared in com.metes.worthit.feature.add_item.AddItemScreenKt.AddItemRoute.<no name provided>.create' type=com.metes.worthit.feature.add_item.AddItemScreenKt.AddItemRoute.<no name provided> origin=null
                  ARG $viewModel: GET_FIELD 'FIELD FIELD_FOR_CAPTURED_VALUE name:$viewModel type:com.metes.worthit.feature.add_item.AddItemViewModel visibility:public/*package*/ [final] declared in com.metes.worthit.feature.add_item.AddItemScreenKt.AddItemRoute.<no name provided>' type=com.metes.worthit.feature.add_item.AddItemViewModel origin=null
                    receiver: GET_VAR '<this>: com.metes.worthit.feature.add_item.AddItemScreenKt.AddItemRoute.<no name provided> declared in com.metes.worthit.feature.add_item.AddItemScreenKt.AddItemRoute.<no name provided>.create' type=com.metes.worthit.feature.add_item.AddItemScreenKt.AddItemRoute.<no name provided> origin=null
                  ARG $completion: GET_VAR '$completion: kotlin.coroutines.Continuation<kotlin.Nothing> declared in com.metes.worthit.feature.add_item.AddItemScreenKt.AddItemRoute.<no name provided>.create' type=kotlin.coroutines.Continuation<kotlin.Nothing> origin=null
          FUN name:invoke visibility:public modality:FINAL returnType:kotlin.Any?
            VALUE_PARAMETER INSTANCE_RECEIVER kind:DispatchReceiver name:<this> index:0 type:com.metes.worthit.feature.add_item.AddItemScreenKt.AddItemRoute.<no name provided>
            VALUE_PARAMETER kind:Regular name:p1 index:1 type:kotlinx.coroutines.CoroutineScope
            VALUE_PARAMETER kind:Regular name:p2 index:2 type:kotlin.coroutines.Continuation<kotlin.Unit>?
            overridden:
              public abstract fun invoke (p1: P1 of kotlin.jvm.functions.Function2, p2: P2 of kotlin.jvm.functions.Function2): R of kotlin.jvm.functions.Function2 declared in kotlin.jvm.functions.Function2
            BLOCK_BODY
              RETURN type=kotlin.Nothing from='public final fun invoke (p1: kotlinx.coroutines.CoroutineScope, p2: kotlin.coroutines.Continuation<kotlin.Unit>?): kotlin.Any? declared in com.metes.worthit.feature.add_item.AddItemScreenKt.AddItemRoute.<no name provided>'
                CALL 'public final fun invokeSuspend ($result: kotlin.Result<kotlin.Any?>): kotlin.Any? declared in com.metes.worthit.feature.add_item.AddItemScreenKt.AddItemRoute.<no name provided>' type=kotlin.Any? origin=null
                  ARG <this>: TYPE_OP type=com.metes.worthit.feature.add_item.AddItemScreenKt.AddItemRoute.<no name provided> origin=IMPLICIT_CAST typeOperand=com.metes.worthit.feature.add_item.AddItemScreenKt.AddItemRoute.<no name provided>
                    CALL 'public final fun create (value: kotlin.Any?, $completion: kotlin.coroutines.Continuation<kotlin.Nothing>): kotlin.coroutines.Continuation<kotlin.Unit> declared in com.metes.worthit.feature.add_item.AddItemScreenKt.AddItemRoute.<no name provided>' type=kotlin.coroutines.Continuation<kotlin.Unit> origin=null
                      ARG <this>: GET_VAR '<this>: com.metes.worthit.feature.add_item.AddItemScreenKt.AddItemRoute.<no name provided> declared in com.metes.worthit.feature.add_item.AddItemScreenKt.AddItemRoute.<no name provided>.invoke' type=com.metes.worthit.feature.add_item.AddItemScreenKt.AddItemRoute.<no name provided> origin=null
                      ARG value: GET_VAR 'p1: kotlinx.coroutines.CoroutineScope declared in com.metes.worthit.feature.add_item.AddItemScreenKt.AddItemRoute.<no name provided>.invoke' type=kotlinx.coroutines.CoroutineScope origin=null
                      ARG $completion: GET_VAR 'p2: kotlin.coroutines.Continuation<kotlin.Unit>? declared in com.metes.worthit.feature.add_item.AddItemScreenKt.AddItemRoute.<no name provided>.invoke' type=kotlin.coroutines.Continuation<kotlin.Unit>? origin=null
                  ARG $result: CALL 'public final fun <unsafe-coerce> <T, R> (v: T of kotlin.jvm.internal.<unsafe-coerce>): R of kotlin.jvm.internal.<unsafe-coerce> declared in kotlin.jvm.internal' type=kotlin.Result<kotlin.Any?> origin=null
                    TYPE_ARG T: kotlin.Any?
                    TYPE_ARG R: kotlin.Result<kotlin.Any?>
                    ARG v: GET_FIELD 'FIELD FIELD_FOR_OBJECT_INSTANCE name:INSTANCE type:kotlin.Unit visibility:public [final,static] declared in kotlin.Unit' type=kotlin.Unit origin=null
          FIELD FIELD_FOR_CAPTURED_VALUE name:$imageUri type:android.net.Uri? visibility:public/*package*/ [final]
          FIELD FIELD_FOR_CAPTURED_VALUE name:$viewModel type:com.metes.worthit.feature.add_item.AddItemViewModel visibility:public/*package*/ [final]
          FUN BRIDGE name:invoke visibility:public modality:OPEN returnType:kotlin.Any?
            VALUE_PARAMETER INSTANCE_RECEIVER kind:DispatchReceiver name:<this> index:0 type:com.metes.worthit.feature.add_item.AddItemScreenKt.AddItemRoute.<no name provided>
            VALUE_PARAMETER kind:Regular name:p1 index:1 type:kotlin.Any?
            VALUE_PARAMETER kind:Regular name:p2 index:2 type:kotlin.Any?
            EXPRESSION_BODY
              RETURN type=kotlin.Nothing from='public open fun invoke (p1: kotlin.Any?, p2: kotlin.Any?): kotlin.Any? declared in com.metes.worthit.feature.add_item.AddItemScreenKt.AddItemRoute.<no name provided>'
                CALL 'public final fun invoke (p1: kotlinx.coroutines.CoroutineScope, p2: kotlin.coroutines.Continuation<kotlin.Unit>?): kotlin.Any? declared in com.metes.worthit.feature.add_item.AddItemScreenKt.AddItemRoute.<no name provided>' type=kotlin.Any? origin=BRIDGE_DELEGATION
                  ARG <this>: GET_VAR '<this>: com.metes.worthit.feature.add_item.AddItemScreenKt.AddItemRoute.<no name provided> declared in com.metes.worthit.feature.add_item.AddItemScreenKt.AddItemRoute.<no name provided>.invoke' type=com.metes.worthit.feature.add_item.AddItemScreenKt.AddItemRoute.<no name provided> origin=null
                  ARG p1: TYPE_OP type=kotlinx.coroutines.CoroutineScope origin=IMPLICIT_CAST typeOperand=kotlinx.coroutines.CoroutineScope
                    GET_VAR 'p1: kotlin.Any? declared in com.metes.worthit.feature.add_item.AddItemScreenKt.AddItemRoute.<no name provided>.invoke' type=kotlin.Any? origin=null
                  ARG p2: TYPE_OP type=kotlin.coroutines.Continuation<*> origin=IMPLICIT_CAST typeOperand=kotlin.coroutines.Continuation<*>
                    GET_VAR 'p2: kotlin.Any? declared in com.metes.worthit.feature.add_item.AddItemScreenKt.AddItemRoute.<no name provided>.invoke' type=kotlin.Any? origin=null
        CONSTRUCTOR_CALL 'public/*package*/ constructor <init> ($imageUri: android.net.Uri?, $viewModel: com.metes.worthit.feature.add_item.AddItemViewModel, $completion: kotlin.coroutines.Continuation<com.metes.worthit.feature.add_item.AddItemScreenKt.AddItemRoute.<no name provided>>?) [primary] declared in com.metes.worthit.feature.add_item.AddItemScreenKt.AddItemRoute.<no name provided>' type=com.metes.worthit.feature.add_item.AddItemScreenKt.AddItemRoute.<no name provided> origin=null
          ARG $imageUri: GET_VAR 'imageUri: android.net.Uri? declared in com.metes.worthit.feature.add_item.AddItemScreenKt.AddItemRoute' type=android.net.Uri? origin=null
          ARG $viewModel: GET_VAR 'viewModel: com.metes.worthit.feature.add_item.AddItemViewModel declared in com.metes.worthit.feature.add_item.AddItemScreenKt.AddItemRoute' type=com.metes.worthit.feature.add_item.AddItemViewModel origin=null
          ARG $completion: CONST Null type=kotlin.Nothing? value=null
    BLOCK type=kotlin.Unit origin=WHEN
      VAR name:currentState type:com.metes.worthit.feature.add_item.AddItemUiState [val]
        CALL 'private final fun AddItemRoute$lambda$0 ($uiState$delegate: androidx.compose.runtime.State<com.metes.worthit.feature.add_item.AddItemUiState>): com.metes.worthit.feature.add_item.AddItemUiState declared in com.metes.worthit.feature.add_item.AddItemScreenKt' type=com.metes.worthit.feature.add_item.AddItemUiState origin=GET_LOCAL_PROPERTY
          ARG $uiState$delegate: GET_VAR 'val uiState$delegate: androidx.compose.runtime.State<com.metes.worthit.feature.add_item.AddItemUiState> [val] declared in com.metes.worthit.feature.add_item.AddItemScreenKt.AddItemRoute' type=androidx.compose.runtime.State<com.metes.worthit.feature.add_item.AddItemUiState> origin=null
      WHEN type=kotlin.Unit origin=WHEN
        BRANCH
          if: CALL 'public final fun EQEQ (arg0: kotlin.Any?, arg1: kotlin.Any?): kotlin.Boolean declared in kotlin.internal.ir' type=kotlin.Boolean origin=EQEQ
            ARG arg0: GET_VAR 'val currentState: com.metes.worthit.feature.add_item.AddItemUiState [val] declared in com.metes.worthit.feature.add_item.AddItemScreenKt.AddItemRoute' type=com.metes.worthit.feature.add_item.AddItemUiState origin=null
            ARG arg1: GET_FIELD 'FIELD FIELD_FOR_OBJECT_INSTANCE name:INSTANCE type:com.metes.worthit.feature.add_item.AddItemUiState.Loading visibility:public [final,static] declared in com.metes.worthit.feature.add_item.AddItemUiState.Loading' type=com.metes.worthit.feature.add_item.AddItemUiState.Loading origin=null
          then: CALL 'public final fun LoadingScreen$default (modifier: androidx.compose.ui.Modifier?, $mask0: kotlin.Int, $handler: kotlin.Any?): kotlin.Unit declared in com.metes.worthit.core.designsystem.component.other.LoadingScreenKt' type=kotlin.Unit origin=DEFAULT_DISPATCH_CALL
            ARG modifier: COMPOSITE type=androidx.compose.ui.Modifier? origin=DEFAULT_VALUE
              CONST Null type=androidx.compose.ui.Modifier? value=null
            ARG $mask0: CONST Int type=kotlin.Int value=1
            ARG $handler: CONST Null type=kotlin.Any? value=null
        BRANCH
          if: TYPE_OP type=kotlin.Boolean origin=INSTANCEOF typeOperand=com.metes.worthit.feature.add_item.AddItemUiState.Success
            GET_VAR 'val currentState: com.metes.worthit.feature.add_item.AddItemUiState [val] declared in com.metes.worthit.feature.add_item.AddItemScreenKt.AddItemRoute' type=com.metes.worthit.feature.add_item.AddItemUiState origin=null
          then: BLOCK type=kotlin.Unit origin=ARGUMENTS_REORDERING_FOR_CALL
            VAR IR_TEMPORARY_VARIABLE name:tmp0_uiState type:com.metes.worthit.feature.add_item.AddItemUiState.Success [val]
              TYPE_OP type=com.metes.worthit.feature.add_item.AddItemUiState.Success origin=IMPLICIT_CAST typeOperand=com.metes.worthit.feature.add_item.AddItemUiState.Success
                GET_VAR 'val currentState: com.metes.worthit.feature.add_item.AddItemUiState [val] declared in com.metes.worthit.feature.add_item.AddItemScreenKt.AddItemRoute' type=com.metes.worthit.feature.add_item.AddItemUiState origin=null
            CALL 'public final fun AddItemScreen (uiState: com.metes.worthit.feature.add_item.AddItemUiState.Success, snackbarHostState: androidx.compose.material3.SnackbarHostState, modifier: androidx.compose.ui.Modifier, onAddItemClick: kotlin.Function0<kotlin.Unit>, onNameChange: kotlin.Function1<kotlin.String, kotlin.Unit>, onPriceChange: kotlin.Function1<kotlin.String, kotlin.Unit>, onDescriptionChange: kotlin.Function1<kotlin.String, kotlin.Unit>, onBackClick: kotlin.Function0<kotlin.Unit>, onImageClick: kotlin.Function0<kotlin.Unit>, onRemoveImageClick: kotlin.Function0<kotlin.Unit>, onRemoveNameClick: kotlin.Function0<kotlin.Unit>, onRemoveDescriptionClick: kotlin.Function0<kotlin.Unit>, onCurrencyChange: kotlin.Function1<com.metes.worthit.core.domain.entity.Currency, kotlin.Unit>, onSelectBoughtDate: kotlin.Function1<kotlin.Long, kotlin.Unit>): kotlin.Unit declared in com.metes.worthit.feature.add_item.AddItemScreenKt' type=kotlin.Unit origin=null
              ARG uiState: GET_VAR 'val tmp0_uiState: com.metes.worthit.feature.add_item.AddItemUiState.Success [val] declared in com.metes.worthit.feature.add_item.AddItemScreenKt.AddItemRoute' type=com.metes.worthit.feature.add_item.AddItemUiState.Success origin=null
              ARG snackbarHostState: GET_VAR 'val snackbarHostState: androidx.compose.material3.SnackbarHostState [val] declared in com.metes.worthit.feature.add_item.AddItemScreenKt.AddItemRoute' type=androidx.compose.material3.SnackbarHostState origin=null
              ARG modifier: GET_VAR 'modifier: androidx.compose.ui.Modifier declared in com.metes.worthit.feature.add_item.AddItemScreenKt.AddItemRoute' type=androidx.compose.ui.Modifier origin=null
              ARG onAddItemClick: CALL 'public final fun <jvm-indy> <T> (dynamicCall: T of kotlin.jvm.internal.<jvm-indy>, bootstrapMethodHandle: kotlin.Any, vararg bootstrapMethodArguments: kotlin.Any): T of kotlin.jvm.internal.<jvm-indy> declared in kotlin.jvm.internal' type=kotlin.Function0<kotlin.Unit> origin=null
                TYPE_ARG T: kotlin.Function0<kotlin.Unit>
                ARG dynamicCall: CALL 'public final fun invoke (p0: com.metes.worthit.feature.add_item.AddItemViewModel): kotlin.Function0<kotlin.Unit> declared in kotlin.jvm.internal.invokeDynamic' type=kotlin.Function0<kotlin.Unit> origin=null
                  ARG p0: GET_VAR 'viewModel: com.metes.worthit.feature.add_item.AddItemViewModel declared in com.metes.worthit.feature.add_item.AddItemScreenKt.AddItemRoute' type=com.metes.worthit.feature.add_item.AddItemViewModel origin=null
                ARG bootstrapMethodHandle: CALL 'public final fun <jvm-method-handle> (tag: kotlin.Int, owner: kotlin.String, name: kotlin.String, descriptor: kotlin.String, isInterface: kotlin.Boolean): kotlin.Any declared in kotlin.jvm.internal' type=kotlin.Any origin=null
                  ARG tag: CONST Int type=kotlin.Int value=6
                  ARG owner: CONST String type=kotlin.String value="java/lang/invoke/LambdaMetafactory"
                  ARG name: CONST String type=kotlin.String value="metafactory"
                  ARG descriptor: CONST String type=kotlin.String value="(Ljava/lang/invoke/MethodHandles$Lookup;Ljava/lang/String;Ljava/lang/invoke/MethodType;Ljava/lang/invoke/MethodType;Ljava/lang/invoke/MethodHandle;Ljava/lang/invoke/MethodType;)Ljava/lang/invoke/CallSite;"
                  ARG isInterface: CONST Boolean type=kotlin.Boolean value=false
                ARG bootstrapMethodArguments: VARARG type=kotlin.Array<kotlin.Any> varargElementType=kotlin.Any
                  CALL 'public final fun <jvm-original-method-type> (method: kotlin.Any): kotlin.Any declared in kotlin.jvm.internal' type=kotlin.Any origin=null
                    ARG method: RAW_FUNCTION_REFERENCE 'public abstract fun invoke (): R of kotlin.Function0 [operator] declared in kotlin.Function0' type=kotlin.Any
                  RAW_FUNCTION_REFERENCE 'private final fun AddItemRoute$lambda$3 ($viewModel: com.metes.worthit.feature.add_item.AddItemViewModel): kotlin.Unit? declared in com.metes.worthit.feature.add_item.AddItemScreenKt' type=kotlin.Any
                  CALL 'public final fun <jvm-original-method-type> (method: kotlin.Any): kotlin.Any declared in kotlin.jvm.internal' type=kotlin.Any origin=null
                    ARG method: RAW_FUNCTION_REFERENCE 'public abstract fun invoke (): kotlin.Unit? [fake_override,operator] declared in kotlin.jvm.internal.invokeDynamic.<fake>' type=kotlin.Any
              ARG onNameChange: CALL 'public final fun <jvm-indy> <T> (dynamicCall: T of kotlin.jvm.internal.<jvm-indy>, bootstrapMethodHandle: kotlin.Any, vararg bootstrapMethodArguments: kotlin.Any): T of kotlin.jvm.internal.<jvm-indy> declared in kotlin.jvm.internal' type=kotlin.Function1<kotlin.String, kotlin.Unit> origin=null
                TYPE_ARG T: kotlin.Function1<kotlin.String, kotlin.Unit>
                ARG dynamicCall: CALL 'public final fun invoke (p0: com.metes.worthit.feature.add_item.AddItemViewModel): kotlin.Function1<kotlin.String, kotlin.Unit> declared in kotlin.jvm.internal.invokeDynamic' type=kotlin.Function1<kotlin.String, kotlin.Unit> origin=null
                  ARG p0: GET_VAR 'viewModel: com.metes.worthit.feature.add_item.AddItemViewModel declared in com.metes.worthit.feature.add_item.AddItemScreenKt.AddItemRoute' type=com.metes.worthit.feature.add_item.AddItemViewModel origin=null
                ARG bootstrapMethodHandle: CALL 'public final fun <jvm-method-handle> (tag: kotlin.Int, owner: kotlin.String, name: kotlin.String, descriptor: kotlin.String, isInterface: kotlin.Boolean): kotlin.Any declared in kotlin.jvm.internal' type=kotlin.Any origin=null
                  ARG tag: CONST Int type=kotlin.Int value=6
                  ARG owner: CONST String type=kotlin.String value="java/lang/invoke/LambdaMetafactory"
                  ARG name: CONST String type=kotlin.String value="metafactory"
                  ARG descriptor: CONST String type=kotlin.String value="(Ljava/lang/invoke/MethodHandles$Lookup;Ljava/lang/String;Ljava/lang/invoke/MethodType;Ljava/lang/invoke/MethodType;Ljava/lang/invoke/MethodHandle;Ljava/lang/invoke/MethodType;)Ljava/lang/invoke/CallSite;"
                  ARG isInterface: CONST Boolean type=kotlin.Boolean value=false
                ARG bootstrapMethodArguments: VARARG type=kotlin.Array<kotlin.Any> varargElementType=kotlin.Any
                  CALL 'public final fun <jvm-original-method-type> (method: kotlin.Any): kotlin.Any declared in kotlin.jvm.internal' type=kotlin.Any origin=null
                    ARG method: RAW_FUNCTION_REFERENCE 'public abstract fun invoke (p1: P1 of kotlin.Function1): R of kotlin.Function1 [operator] declared in kotlin.Function1' type=kotlin.Any
                  RAW_FUNCTION_REFERENCE 'private final fun AddItemRoute$lambda$4 ($viewModel: com.metes.worthit.feature.add_item.AddItemViewModel, it: kotlin.String): kotlin.Unit? declared in com.metes.worthit.feature.add_item.AddItemScreenKt' type=kotlin.Any
                  CALL 'public final fun <jvm-original-method-type> (method: kotlin.Any): kotlin.Any declared in kotlin.jvm.internal' type=kotlin.Any origin=null
                    ARG method: RAW_FUNCTION_REFERENCE 'public abstract fun invoke (p1: kotlin.String): kotlin.Unit? [fake_override,operator] declared in kotlin.jvm.internal.invokeDynamic.<fake>' type=kotlin.Any
              ARG onPriceChange: CALL 'public final fun <jvm-indy> <T> (dynamicCall: T of kotlin.jvm.internal.<jvm-indy>, bootstrapMethodHandle: kotlin.Any, vararg bootstrapMethodArguments: kotlin.Any): T of kotlin.jvm.internal.<jvm-indy> declared in kotlin.jvm.internal' type=kotlin.Function1<kotlin.String, kotlin.Unit> origin=null
                TYPE_ARG T: kotlin.Function1<kotlin.String, kotlin.Unit>
                ARG dynamicCall: CALL 'public final fun invoke (p0: com.metes.worthit.feature.add_item.AddItemViewModel): kotlin.Function1<kotlin.String, kotlin.Unit> declared in kotlin.jvm.internal.invokeDynamic' type=kotlin.Function1<kotlin.String, kotlin.Unit> origin=null
                  ARG p0: GET_VAR 'viewModel: com.metes.worthit.feature.add_item.AddItemViewModel declared in com.metes.worthit.feature.add_item.AddItemScreenKt.AddItemRoute' type=com.metes.worthit.feature.add_item.AddItemViewModel origin=null
                ARG bootstrapMethodHandle: CALL 'public final fun <jvm-method-handle> (tag: kotlin.Int, owner: kotlin.String, name: kotlin.String, descriptor: kotlin.String, isInterface: kotlin.Boolean): kotlin.Any declared in kotlin.jvm.internal' type=kotlin.Any origin=null
                  ARG tag: CONST Int type=kotlin.Int value=6
                  ARG owner: CONST String type=kotlin.String value="java/lang/invoke/LambdaMetafactory"
                  ARG name: CONST String type=kotlin.String value="metafactory"
                  ARG descriptor: CONST String type=kotlin.String value="(Ljava/lang/invoke/MethodHandles$Lookup;Ljava/lang/String;Ljava/lang/invoke/MethodType;Ljava/lang/invoke/MethodType;Ljava/lang/invoke/MethodHandle;Ljava/lang/invoke/MethodType;)Ljava/lang/invoke/CallSite;"
                  ARG isInterface: CONST Boolean type=kotlin.Boolean value=false
                ARG bootstrapMethodArguments: VARARG type=kotlin.Array<kotlin.Any> varargElementType=kotlin.Any
                  CALL 'public final fun <jvm-original-method-type> (method: kotlin.Any): kotlin.Any declared in kotlin.jvm.internal' type=kotlin.Any origin=null
                    ARG method: RAW_FUNCTION_REFERENCE 'public abstract fun invoke (p1: P1 of kotlin.Function1): R of kotlin.Function1 [operator] declared in kotlin.Function1' type=kotlin.Any
                  RAW_FUNCTION_REFERENCE 'private final fun AddItemRoute$lambda$5 ($viewModel: com.metes.worthit.feature.add_item.AddItemViewModel, it: kotlin.String): kotlin.Unit? declared in com.metes.worthit.feature.add_item.AddItemScreenKt' type=kotlin.Any
                  CALL 'public final fun <jvm-original-method-type> (method: kotlin.Any): kotlin.Any declared in kotlin.jvm.internal' type=kotlin.Any origin=null
                    ARG method: RAW_FUNCTION_REFERENCE 'public abstract fun invoke (p1: kotlin.String): kotlin.Unit? [fake_override,operator] declared in kotlin.jvm.internal.invokeDynamic.<fake>' type=kotlin.Any
              ARG onDescriptionChange: CALL 'public final fun <jvm-indy> <T> (dynamicCall: T of kotlin.jvm.internal.<jvm-indy>, bootstrapMethodHandle: kotlin.Any, vararg bootstrapMethodArguments: kotlin.Any): T of kotlin.jvm.internal.<jvm-indy> declared in kotlin.jvm.internal' type=kotlin.Function1<kotlin.String, kotlin.Unit> origin=null
                TYPE_ARG T: kotlin.Function1<kotlin.String, kotlin.Unit>
                ARG dynamicCall: CALL 'public final fun invoke (p0: com.metes.worthit.feature.add_item.AddItemViewModel): kotlin.Function1<kotlin.String, kotlin.Unit> declared in kotlin.jvm.internal.invokeDynamic' type=kotlin.Function1<kotlin.String, kotlin.Unit> origin=null
                  ARG p0: GET_VAR 'viewModel: com.metes.worthit.feature.add_item.AddItemViewModel declared in com.metes.worthit.feature.add_item.AddItemScreenKt.AddItemRoute' type=com.metes.worthit.feature.add_item.AddItemViewModel origin=null
                ARG bootstrapMethodHandle: CALL 'public final fun <jvm-method-handle> (tag: kotlin.Int, owner: kotlin.String, name: kotlin.String, descriptor: kotlin.String, isInterface: kotlin.Boolean): kotlin.Any declared in kotlin.jvm.internal' type=kotlin.Any origin=null
                  ARG tag: CONST Int type=kotlin.Int value=6
                  ARG owner: CONST String type=kotlin.String value="java/lang/invoke/LambdaMetafactory"
                  ARG name: CONST String type=kotlin.String value="metafactory"
                  ARG descriptor: CONST String type=kotlin.String value="(Ljava/lang/invoke/MethodHandles$Lookup;Ljava/lang/String;Ljava/lang/invoke/MethodType;Ljava/lang/invoke/MethodType;Ljava/lang/invoke/MethodHandle;Ljava/lang/invoke/MethodType;)Ljava/lang/invoke/CallSite;"
                  ARG isInterface: CONST Boolean type=kotlin.Boolean value=false
                ARG bootstrapMethodArguments: VARARG type=kotlin.Array<kotlin.Any> varargElementType=kotlin.Any
                  CALL 'public final fun <jvm-original-method-type> (method: kotlin.Any): kotlin.Any declared in kotlin.jvm.internal' type=kotlin.Any origin=null
                    ARG method: RAW_FUNCTION_REFERENCE 'public abstract fun invoke (p1: P1 of kotlin.Function1): R of kotlin.Function1 [operator] declared in kotlin.Function1' type=kotlin.Any
                  RAW_FUNCTION_REFERENCE 'private final fun AddItemRoute$lambda$6 ($viewModel: com.metes.worthit.feature.add_item.AddItemViewModel, it: kotlin.String): kotlin.Unit? declared in com.metes.worthit.feature.add_item.AddItemScreenKt' type=kotlin.Any
                  CALL 'public final fun <jvm-original-method-type> (method: kotlin.Any): kotlin.Any declared in kotlin.jvm.internal' type=kotlin.Any origin=null
                    ARG method: RAW_FUNCTION_REFERENCE 'public abstract fun invoke (p1: kotlin.String): kotlin.Unit? [fake_override,operator] declared in kotlin.jvm.internal.invokeDynamic.<fake>' type=kotlin.Any
              ARG onBackClick: GET_VAR 'onBackClick: kotlin.Function0<kotlin.Unit> declared in com.metes.worthit.feature.add_item.AddItemScreenKt.AddItemRoute' type=kotlin.Function0<kotlin.Unit> origin=null
              ARG onImageClick: CALL 'public final fun <jvm-indy> <T> (dynamicCall: T of kotlin.jvm.internal.<jvm-indy>, bootstrapMethodHandle: kotlin.Any, vararg bootstrapMethodArguments: kotlin.Any): T of kotlin.jvm.internal.<jvm-indy> declared in kotlin.jvm.internal' type=kotlin.Function0<kotlin.Unit> origin=null
                TYPE_ARG T: kotlin.Function0<kotlin.Unit>
                ARG dynamicCall: CALL 'public final fun invoke (p0: androidx.activity.compose.ManagedActivityResultLauncher<androidx.activity.result.PickVisualMediaRequest, android.net.Uri?>): kotlin.Function0<kotlin.Unit> declared in kotlin.jvm.internal.invokeDynamic' type=kotlin.Function0<kotlin.Unit> origin=null
                  ARG p0: GET_VAR 'val photoPicker: androidx.activity.compose.ManagedActivityResultLauncher<androidx.activity.result.PickVisualMediaRequest, android.net.Uri?> [val] declared in com.metes.worthit.feature.add_item.AddItemScreenKt.AddItemRoute' type=androidx.activity.compose.ManagedActivityResultLauncher<androidx.activity.result.PickVisualMediaRequest, android.net.Uri?> origin=null
                ARG bootstrapMethodHandle: CALL 'public final fun <jvm-method-handle> (tag: kotlin.Int, owner: kotlin.String, name: kotlin.String, descriptor: kotlin.String, isInterface: kotlin.Boolean): kotlin.Any declared in kotlin.jvm.internal' type=kotlin.Any origin=null
                  ARG tag: CONST Int type=kotlin.Int value=6
                  ARG owner: CONST String type=kotlin.String value="java/lang/invoke/LambdaMetafactory"
                  ARG name: CONST String type=kotlin.String value="metafactory"
                  ARG descriptor: CONST String type=kotlin.String value="(Ljava/lang/invoke/MethodHandles$Lookup;Ljava/lang/String;Ljava/lang/invoke/MethodType;Ljava/lang/invoke/MethodType;Ljava/lang/invoke/MethodHandle;Ljava/lang/invoke/MethodType;)Ljava/lang/invoke/CallSite;"
                  ARG isInterface: CONST Boolean type=kotlin.Boolean value=false
                ARG bootstrapMethodArguments: VARARG type=kotlin.Array<kotlin.Any> varargElementType=kotlin.Any
                  CALL 'public final fun <jvm-original-method-type> (method: kotlin.Any): kotlin.Any declared in kotlin.jvm.internal' type=kotlin.Any origin=null
                    ARG method: RAW_FUNCTION_REFERENCE 'public abstract fun invoke (): R of kotlin.Function0 [operator] declared in kotlin.Function0' type=kotlin.Any
                  RAW_FUNCTION_REFERENCE 'private final fun AddItemRoute$lambda$7 ($photoPicker: androidx.activity.compose.ManagedActivityResultLauncher<androidx.activity.result.PickVisualMediaRequest, android.net.Uri?>): kotlin.Unit? declared in com.metes.worthit.feature.add_item.AddItemScreenKt' type=kotlin.Any
                  CALL 'public final fun <jvm-original-method-type> (method: kotlin.Any): kotlin.Any declared in kotlin.jvm.internal' type=kotlin.Any origin=null
                    ARG method: RAW_FUNCTION_REFERENCE 'public abstract fun invoke (): kotlin.Unit? [fake_override,operator] declared in kotlin.jvm.internal.invokeDynamic.<fake>' type=kotlin.Any
              ARG onRemoveImageClick: CALL 'public final fun <jvm-indy> <T> (dynamicCall: T of kotlin.jvm.internal.<jvm-indy>, bootstrapMethodHandle: kotlin.Any, vararg bootstrapMethodArguments: kotlin.Any): T of kotlin.jvm.internal.<jvm-indy> declared in kotlin.jvm.internal' type=kotlin.Function0<kotlin.Unit> origin=null
                TYPE_ARG T: kotlin.Function0<kotlin.Unit>
                ARG dynamicCall: CALL 'public final fun invoke (p0: com.metes.worthit.feature.add_item.AddItemViewModel): kotlin.Function0<kotlin.Unit> declared in kotlin.jvm.internal.invokeDynamic' type=kotlin.Function0<kotlin.Unit> origin=null
                  ARG p0: GET_VAR 'viewModel: com.metes.worthit.feature.add_item.AddItemViewModel declared in com.metes.worthit.feature.add_item.AddItemScreenKt.AddItemRoute' type=com.metes.worthit.feature.add_item.AddItemViewModel origin=null
                ARG bootstrapMethodHandle: CALL 'public final fun <jvm-method-handle> (tag: kotlin.Int, owner: kotlin.String, name: kotlin.String, descriptor: kotlin.String, isInterface: kotlin.Boolean): kotlin.Any declared in kotlin.jvm.internal' type=kotlin.Any origin=null
                  ARG tag: CONST Int type=kotlin.Int value=6
                  ARG owner: CONST String type=kotlin.String value="java/lang/invoke/LambdaMetafactory"
                  ARG name: CONST String type=kotlin.String value="metafactory"
                  ARG descriptor: CONST String type=kotlin.String value="(Ljava/lang/invoke/MethodHandles$Lookup;Ljava/lang/String;Ljava/lang/invoke/MethodType;Ljava/lang/invoke/MethodType;Ljava/lang/invoke/MethodHandle;Ljava/lang/invoke/MethodType;)Ljava/lang/invoke/CallSite;"
                  ARG isInterface: CONST Boolean type=kotlin.Boolean value=false
                ARG bootstrapMethodArguments: VARARG type=kotlin.Array<kotlin.Any> varargElementType=kotlin.Any
                  CALL 'public final fun <jvm-original-method-type> (method: kotlin.Any): kotlin.Any declared in kotlin.jvm.internal' type=kotlin.Any origin=null
                    ARG method: RAW_FUNCTION_REFERENCE 'public abstract fun invoke (): R of kotlin.Function0 [operator] declared in kotlin.Function0' type=kotlin.Any
                  RAW_FUNCTION_REFERENCE 'private final fun AddItemRoute$lambda$8 ($viewModel: com.metes.worthit.feature.add_item.AddItemViewModel): kotlin.Unit? declared in com.metes.worthit.feature.add_item.AddItemScreenKt' type=kotlin.Any
                  CALL 'public final fun <jvm-original-method-type> (method: kotlin.Any): kotlin.Any declared in kotlin.jvm.internal' type=kotlin.Any origin=null
                    ARG method: RAW_FUNCTION_REFERENCE 'public abstract fun invoke (): kotlin.Unit? [fake_override,operator] declared in kotlin.jvm.internal.invokeDynamic.<fake>' type=kotlin.Any
              ARG onRemoveNameClick: CALL 'public final fun <jvm-indy> <T> (dynamicCall: T of kotlin.jvm.internal.<jvm-indy>, bootstrapMethodHandle: kotlin.Any, vararg bootstrapMethodArguments: kotlin.Any): T of kotlin.jvm.internal.<jvm-indy> declared in kotlin.jvm.internal' type=kotlin.Function0<kotlin.Unit> origin=null
                TYPE_ARG T: kotlin.Function0<kotlin.Unit>
                ARG dynamicCall: CALL 'public final fun invoke (p0: com.metes.worthit.feature.add_item.AddItemViewModel): kotlin.Function0<kotlin.Unit> declared in kotlin.jvm.internal.invokeDynamic' type=kotlin.Function0<kotlin.Unit> origin=null
                  ARG p0: GET_VAR 'viewModel: com.metes.worthit.feature.add_item.AddItemViewModel declared in com.metes.worthit.feature.add_item.AddItemScreenKt.AddItemRoute' type=com.metes.worthit.feature.add_item.AddItemViewModel origin=null
                ARG bootstrapMethodHandle: CALL 'public final fun <jvm-method-handle> (tag: kotlin.Int, owner: kotlin.String, name: kotlin.String, descriptor: kotlin.String, isInterface: kotlin.Boolean): kotlin.Any declared in kotlin.jvm.internal' type=kotlin.Any origin=null
                  ARG tag: CONST Int type=kotlin.Int value=6
                  ARG owner: CONST String type=kotlin.String value="java/lang/invoke/LambdaMetafactory"
                  ARG name: CONST String type=kotlin.String value="metafactory"
                  ARG descriptor: CONST String type=kotlin.String value="(Ljava/lang/invoke/MethodHandles$Lookup;Ljava/lang/String;Ljava/lang/invoke/MethodType;Ljava/lang/invoke/MethodType;Ljava/lang/invoke/MethodHandle;Ljava/lang/invoke/MethodType;)Ljava/lang/invoke/CallSite;"
                  ARG isInterface: CONST Boolean type=kotlin.Boolean value=false
                ARG bootstrapMethodArguments: VARARG type=kotlin.Array<kotlin.Any> varargElementType=kotlin.Any
                  CALL 'public final fun <jvm-original-method-type> (method: kotlin.Any): kotlin.Any declared in kotlin.jvm.internal' type=kotlin.Any origin=null
                    ARG method: RAW_FUNCTION_REFERENCE 'public abstract fun invoke (): R of kotlin.Function0 [operator] declared in kotlin.Function0' type=kotlin.Any
                  RAW_FUNCTION_REFERENCE 'private final fun AddItemRoute$lambda$9 ($viewModel: com.metes.worthit.feature.add_item.AddItemViewModel): kotlin.Unit? declared in com.metes.worthit.feature.add_item.AddItemScreenKt' type=kotlin.Any
                  CALL 'public final fun <jvm-original-method-type> (method: kotlin.Any): kotlin.Any declared in kotlin.jvm.internal' type=kotlin.Any origin=null
                    ARG method: RAW_FUNCTION_REFERENCE 'public abstract fun invoke (): kotlin.Unit? [fake_override,operator] declared in kotlin.jvm.internal.invokeDynamic.<fake>' type=kotlin.Any
              ARG onRemoveDescriptionClick: CALL 'public final fun <jvm-indy> <T> (dynamicCall: T of kotlin.jvm.internal.<jvm-indy>, bootstrapMethodHandle: kotlin.Any, vararg bootstrapMethodArguments: kotlin.Any): T of kotlin.jvm.internal.<jvm-indy> declared in kotlin.jvm.internal' type=kotlin.Function0<kotlin.Unit> origin=null
                TYPE_ARG T: kotlin.Function0<kotlin.Unit>
                ARG dynamicCall: CALL 'public final fun invoke (p0: com.metes.worthit.feature.add_item.AddItemViewModel): kotlin.Function0<kotlin.Unit> declared in kotlin.jvm.internal.invokeDynamic' type=kotlin.Function0<kotlin.Unit> origin=null
                  ARG p0: GET_VAR 'viewModel: com.metes.worthit.feature.add_item.AddItemViewModel declared in com.metes.worthit.feature.add_item.AddItemScreenKt.AddItemRoute' type=com.metes.worthit.feature.add_item.AddItemViewModel origin=null
                ARG bootstrapMethodHandle: CALL 'public final fun <jvm-method-handle> (tag: kotlin.Int, owner: kotlin.String, name: kotlin.String, descriptor: kotlin.String, isInterface: kotlin.Boolean): kotlin.Any declared in kotlin.jvm.internal' type=kotlin.Any origin=null
                  ARG tag: CONST Int type=kotlin.Int value=6
                  ARG owner: CONST String type=kotlin.String value="java/lang/invoke/LambdaMetafactory"
                  ARG name: CONST String type=kotlin.String value="metafactory"
                  ARG descriptor: CONST String type=kotlin.String value="(Ljava/lang/invoke/MethodHandles$Lookup;Ljava/lang/String;Ljava/lang/invoke/MethodType;Ljava/lang/invoke/MethodType;Ljava/lang/invoke/MethodHandle;Ljava/lang/invoke/MethodType;)Ljava/lang/invoke/CallSite;"
                  ARG isInterface: CONST Boolean type=kotlin.Boolean value=false
                ARG bootstrapMethodArguments: VARARG type=kotlin.Array<kotlin.Any> varargElementType=kotlin.Any
                  CALL 'public final fun <jvm-original-method-type> (method: kotlin.Any): kotlin.Any declared in kotlin.jvm.internal' type=kotlin.Any origin=null
                    ARG method: RAW_FUNCTION_REFERENCE 'public abstract fun invoke (): R of kotlin.Function0 [operator] declared in kotlin.Function0' type=kotlin.Any
                  RAW_FUNCTION_REFERENCE 'private final fun AddItemRoute$lambda$10 ($viewModel: com.metes.worthit.feature.add_item.AddItemViewModel): kotlin.Unit? declared in com.metes.worthit.feature.add_item.AddItemScreenKt' type=kotlin.Any
                  CALL 'public final fun <jvm-original-method-type> (method: kotlin.Any): kotlin.Any declared in kotlin.jvm.internal' type=kotlin.Any origin=null
                    ARG method: RAW_FUNCTION_REFERENCE 'public abstract fun invoke (): kotlin.Unit? [fake_override,operator] declared in kotlin.jvm.internal.invokeDynamic.<fake>' type=kotlin.Any
              ARG onCurrencyChange: CALL 'public final fun <jvm-indy> <T> (dynamicCall: T of kotlin.jvm.internal.<jvm-indy>, bootstrapMethodHandle: kotlin.Any, vararg bootstrapMethodArguments: kotlin.Any): T of kotlin.jvm.internal.<jvm-indy> declared in kotlin.jvm.internal' type=kotlin.Function1<com.metes.worthit.core.domain.entity.Currency, kotlin.Unit> origin=null
                TYPE_ARG T: kotlin.Function1<com.metes.worthit.core.domain.entity.Currency, kotlin.Unit>
                ARG dynamicCall: CALL 'public final fun invoke (p0: com.metes.worthit.feature.add_item.AddItemViewModel): kotlin.Function1<com.metes.worthit.core.domain.entity.Currency, kotlin.Unit> declared in kotlin.jvm.internal.invokeDynamic' type=kotlin.Function1<com.metes.worthit.core.domain.entity.Currency, kotlin.Unit> origin=null
                  ARG p0: GET_VAR 'viewModel: com.metes.worthit.feature.add_item.AddItemViewModel declared in com.metes.worthit.feature.add_item.AddItemScreenKt.AddItemRoute' type=com.metes.worthit.feature.add_item.AddItemViewModel origin=null
                ARG bootstrapMethodHandle: CALL 'public final fun <jvm-method-handle> (tag: kotlin.Int, owner: kotlin.String, name: kotlin.String, descriptor: kotlin.String, isInterface: kotlin.Boolean): kotlin.Any declared in kotlin.jvm.internal' type=kotlin.Any origin=null
                  ARG tag: CONST Int type=kotlin.Int value=6
                  ARG owner: CONST String type=kotlin.String value="java/lang/invoke/LambdaMetafactory"
                  ARG name: CONST String type=kotlin.String value="metafactory"
                  ARG descriptor: CONST String type=kotlin.String value="(Ljava/lang/invoke/MethodHandles$Lookup;Ljava/lang/String;Ljava/lang/invoke/MethodType;Ljava/lang/invoke/MethodType;Ljava/lang/invoke/MethodHandle;Ljava/lang/invoke/MethodType;)Ljava/lang/invoke/CallSite;"
                  ARG isInterface: CONST Boolean type=kotlin.Boolean value=false
                ARG bootstrapMethodArguments: VARARG type=kotlin.Array<kotlin.Any> varargElementType=kotlin.Any
                  CALL 'public final fun <jvm-original-method-type> (method: kotlin.Any): kotlin.Any declared in kotlin.jvm.internal' type=kotlin.Any origin=null
                    ARG method: RAW_FUNCTION_REFERENCE 'public abstract fun invoke (p1: P1 of kotlin.Function1): R of kotlin.Function1 [operator] declared in kotlin.Function1' type=kotlin.Any
                  RAW_FUNCTION_REFERENCE 'private final fun AddItemRoute$lambda$11 ($viewModel: com.metes.worthit.feature.add_item.AddItemViewModel, it: com.metes.worthit.core.domain.entity.Currency): kotlin.Unit? declared in com.metes.worthit.feature.add_item.AddItemScreenKt' type=kotlin.Any
                  CALL 'public final fun <jvm-original-method-type> (method: kotlin.Any): kotlin.Any declared in kotlin.jvm.internal' type=kotlin.Any origin=null
                    ARG method: RAW_FUNCTION_REFERENCE 'public abstract fun invoke (p1: com.metes.worthit.core.domain.entity.Currency): kotlin.Unit? [fake_override,operator] declared in kotlin.jvm.internal.invokeDynamic.<fake>' type=kotlin.Any
              ARG onSelectBoughtDate: CALL 'public final fun <jvm-indy> <T> (dynamicCall: T of kotlin.jvm.internal.<jvm-indy>, bootstrapMethodHandle: kotlin.Any, vararg bootstrapMethodArguments: kotlin.Any): T of kotlin.jvm.internal.<jvm-indy> declared in kotlin.jvm.internal' type=kotlin.Function1<kotlin.Long, kotlin.Unit> origin=null
                TYPE_ARG T: kotlin.Function1<kotlin.Long, kotlin.Unit>
                ARG dynamicCall: CALL 'public final fun invoke (p0: com.metes.worthit.feature.add_item.AddItemViewModel): kotlin.Function1<kotlin.Long, kotlin.Unit> declared in kotlin.jvm.internal.invokeDynamic' type=kotlin.Function1<kotlin.Long, kotlin.Unit> origin=null
                  ARG p0: GET_VAR 'viewModel: com.metes.worthit.feature.add_item.AddItemViewModel declared in com.metes.worthit.feature.add_item.AddItemScreenKt.AddItemRoute' type=com.metes.worthit.feature.add_item.AddItemViewModel origin=null
                ARG bootstrapMethodHandle: CALL 'public final fun <jvm-method-handle> (tag: kotlin.Int, owner: kotlin.String, name: kotlin.String, descriptor: kotlin.String, isInterface: kotlin.Boolean): kotlin.Any declared in kotlin.jvm.internal' type=kotlin.Any origin=null
                  ARG tag: CONST Int type=kotlin.Int value=6
                  ARG owner: CONST String type=kotlin.String value="java/lang/invoke/LambdaMetafactory"
                  ARG name: CONST String type=kotlin.String value="metafactory"
                  ARG descriptor: CONST String type=kotlin.String value="(Ljava/lang/invoke/MethodHandles$Lookup;Ljava/lang/String;Ljava/lang/invoke/MethodType;Ljava/lang/invoke/MethodType;Ljava/lang/invoke/MethodHandle;Ljava/lang/invoke/MethodType;)Ljava/lang/invoke/CallSite;"
                  ARG isInterface: CONST Boolean type=kotlin.Boolean value=false
                ARG bootstrapMethodArguments: VARARG type=kotlin.Array<kotlin.Any> varargElementType=kotlin.Any
                  CALL 'public final fun <jvm-original-method-type> (method: kotlin.Any): kotlin.Any declared in kotlin.jvm.internal' type=kotlin.Any origin=null
                    ARG method: RAW_FUNCTION_REFERENCE 'public abstract fun invoke (p1: P1 of kotlin.Function1): R of kotlin.Function1 [operator] declared in kotlin.Function1' type=kotlin.Any
                  RAW_FUNCTION_REFERENCE 'private final fun AddItemRoute$lambda$12 ($viewModel: com.metes.worthit.feature.add_item.AddItemViewModel, it: kotlin.Long): kotlin.Unit? declared in com.metes.worthit.feature.add_item.AddItemScreenKt' type=kotlin.Any
                  CALL 'public final fun <jvm-original-method-type> (method: kotlin.Any): kotlin.Any declared in kotlin.jvm.internal' type=kotlin.Any origin=null
                    ARG method: RAW_FUNCTION_REFERENCE 'public abstract fun invoke (p1: kotlin.Long?): kotlin.Unit? [fake_override,operator] declared in kotlin.jvm.internal.invokeDynamic.<fake>' type=kotlin.Any
        BRANCH
          if: CONST Boolean type=kotlin.Boolean value=true
          then: BLOCK type=kotlin.Nothing origin=null
            CALL 'public final fun noWhenBranchMatchedException (): kotlin.Nothing declared in kotlin.internal.ir' type=kotlin.Nothing origin=null
            CALL 'public final fun throwKotlinNothingValueException (): kotlin.Nothing declared in kotlin.jvm.internal.Intrinsics' type=kotlin.Nothing origin=null

	at org.jetbrains.kotlin.backend.jvm.codegen.FunctionCodegen.generate(FunctionCodegen.kt:61)
	at org.jetbrains.kotlin.backend.jvm.codegen.FunctionCodegen.generate$default(FunctionCodegen.kt:54)
	at org.jetbrains.kotlin.backend.jvm.codegen.ClassCodegen.generateMethodNode(ClassCodegen.kt:422)
	at org.jetbrains.kotlin.backend.jvm.codegen.ClassCodegen.generateMethod(ClassCodegen.kt:439)
	at org.jetbrains.kotlin.backend.jvm.codegen.ClassCodegen.generate(ClassCodegen.kt:168)
	at org.jetbrains.kotlin.backend.jvm.JvmIrCodegenFactory.generateFile(JvmIrCodegenFactory.kt:465)
	at org.jetbrains.kotlin.backend.jvm.JvmIrCodegenFactory.invokeCodegen(JvmIrCodegenFactory.kt:431)
	at org.jetbrains.kotlin.cli.jvm.compiler.KotlinToJVMBytecodeCompiler.runCodegen$org_jetbrains_kotlin_cli_jvm(KotlinToJVMBytecodeCompiler.kt:387)
	at org.jetbrains.kotlin.cli.pipeline.jvm.JvmBackendPipelinePhase.executePhase(JvmBackendPipelinePhase.kt:91)
	at org.jetbrains.kotlin.cli.pipeline.jvm.JvmBackendPipelinePhase.executePhase(JvmBackendPipelinePhase.kt:28)
	at org.jetbrains.kotlin.cli.pipeline.PipelinePhase.phaseBody(PipelinePhase.kt:63)
	at org.jetbrains.kotlin.cli.pipeline.PipelinePhase.phaseBody(PipelinePhase.kt:53)
	at org.jetbrains.kotlin.config.phaser.NamedCompilerPhase.invoke(CompilerPhase.kt:102)
	at org.jetbrains.kotlin.backend.common.phaser.CompositePhase.invoke(PhaseBuilders.kt:22)
	at org.jetbrains.kotlin.config.phaser.CompilerPhaseKt.invokeToplevel(CompilerPhase.kt:53)
	at org.jetbrains.kotlin.cli.pipeline.AbstractCliPipeline.runPhasedPipeline(AbstractCliPipeline.kt:135)
	at org.jetbrains.kotlin.cli.pipeline.AbstractCliPipeline.executeAndReturnPipeLineArtifact(AbstractCliPipeline.kt:89)
	at org.jetbrains.kotlin.cli.pipeline.AbstractCliPipeline.executeAndReturnPipeLineArtifact$default(AbstractCliPipeline.kt:49)
	at org.jetbrains.kotlin.cli.pipeline.AbstractCliPipeline.execute(AbstractCliPipeline.kt:40)
	at org.jetbrains.kotlin.cli.jvm.K2JVMCompiler.doExecutePhased(K2JVMCompiler.kt:54)
	at org.jetbrains.kotlin.cli.jvm.K2JVMCompiler.doExecutePhased(K2JVMCompiler.kt:45)
	at org.jetbrains.kotlin.cli.common.CLICompiler.execImpl(CLICompiler.kt:94)
	at org.jetbrains.kotlin.cli.common.CLICompiler.exec(CLICompiler.kt:366)
	at org.jetbrains.kotlin.incremental.IncrementalJvmCompilerRunnerBase.runCompiler(IncrementalJvmCompilerRunnerBase.kt:211)
	at org.jetbrains.kotlin.incremental.IncrementalJvmCompilerRunnerBase.runCompiler(IncrementalJvmCompilerRunnerBase.kt:53)
	at org.jetbrains.kotlin.incremental.IncrementalCompilerRunner.doCompile(IncrementalCompilerRunner.kt:539)
	at org.jetbrains.kotlin.incremental.IncrementalCompilerRunner.compileImpl(IncrementalCompilerRunner.kt:451)
	at org.jetbrains.kotlin.incremental.IncrementalCompilerRunner.compileNonIncrementally(IncrementalCompilerRunner.kt:327)
	at org.jetbrains.kotlin.incremental.IncrementalCompilerRunner.compile(IncrementalCompilerRunner.kt:139)
	at org.jetbrains.kotlin.buildtools.internal.jvm.operations.JvmCompilationOperationImpl.compileIncrementallyInProcess(JvmCompilationOperationImpl.kt:289)
	at org.jetbrains.kotlin.buildtools.internal.jvm.operations.JvmCompilationOperationImpl.compileIncrementallyInProcess(JvmCompilationOperationImpl.kt:55)
	at org.jetbrains.kotlin.buildtools.internal.BaseCompilationOperationImpl.compileInProcess(BaseCompilationOperationImpl.kt:261)
	at org.jetbrains.kotlin.buildtools.internal.jvm.operations.JvmCompilationOperationImpl.compileInProcess(JvmCompilationOperationImpl.kt:222)
	at org.jetbrains.kotlin.buildtools.internal.BaseCompilationOperationImpl.executeCancellableImpl(BaseCompilationOperationImpl.kt:88)
	at org.jetbrains.kotlin.buildtools.internal.BaseCompilationOperationImpl.executeCancellableImpl(BaseCompilationOperationImpl.kt:55)
	at org.jetbrains.kotlin.buildtools.internal.CancellableBuildOperationImpl.executeImpl(CancellableBuildOperationImpl.kt:58)
	at org.jetbrains.kotlin.buildtools.internal.BuildOperationImpl.execute(BuildOperationImpl.kt:33)
	at org.jetbrains.kotlin.buildtools.internal.KotlinToolchainsImpl$BuildSessionImpl.executeOperation$lambda$1(KotlinToolchainsImpl.kt:74)
	at java.base/java.util.concurrent.FutureTask.run(Unknown Source)
	at java.base/java.util.concurrent.ThreadPoolExecutor.runWorker(Unknown Source)
	at java.base/java.util.concurrent.ThreadPoolExecutor$Worker.run(Unknown Source)
	at java.base/java.lang.Thread.run(Unknown Source)
Caused by: org.jetbrains.kotlin.codegen.CompilationException: Back-end (JVM) Internal error: Couldn't inline method call: CALL 'public final fun <get-current> (): T of androidx.compose.runtime.CompositionLocal [inline] declared in androidx.compose.runtime.CompositionLocal' type=android.content.Context origin=GET_PROPERTY
Method: null
File is unknown
The root cause java.lang.IllegalStateException was thrown at: org.jetbrains.kotlin.codegen.inline.SourceCompilerForInlineKt.getMethodNode(SourceCompilerForInline.kt:129)
	at org.jetbrains.kotlin.backend.jvm.codegen.IrInlineCodegen.genInlineCall(IrInlineCodegen.kt:85)
	at org.jetbrains.kotlin.backend.jvm.codegen.IrInlineCallGenerator.genCall(IrInlineCallGenerator.kt:36)
	at org.jetbrains.kotlin.backend.jvm.codegen.ExpressionCodegen.visitCall(ExpressionCodegen.kt:579)
	at org.jetbrains.kotlin.backend.jvm.codegen.ExpressionCodegen.visitCall(ExpressionCodegen.kt:141)
	at org.jetbrains.kotlin.ir.expressions.IrCall.accept(IrCall.kt:24)
	at org.jetbrains.kotlin.backend.jvm.codegen.ExpressionCodegen.visitVariable(ExpressionCodegen.kt:725)
	at org.jetbrains.kotlin.backend.jvm.codegen.ExpressionCodegen.visitVariable(ExpressionCodegen.kt:141)
	at org.jetbrains.kotlin.ir.declarations.IrVariable.accept(IrVariable.kt:36)
	at org.jetbrains.kotlin.backend.jvm.codegen.ExpressionCodegen.visitStatementContainer(ExpressionCodegen.kt:492)
	at org.jetbrains.kotlin.backend.jvm.codegen.ExpressionCodegen.visitBlockBody(ExpressionCodegen.kt:497)
	at org.jetbrains.kotlin.backend.jvm.codegen.ExpressionCodegen.visitBlockBody(ExpressionCodegen.kt:141)
	at org.jetbrains.kotlin.ir.expressions.IrBlockBody.accept(IrBlockBody.kt:20)
	at org.jetbrains.kotlin.backend.jvm.codegen.ExpressionCodegen.generate(ExpressionCodegen.kt:234)
	at org.jetbrains.kotlin.backend.jvm.codegen.FunctionCodegen.doGenerate(FunctionCodegen.kt:134)
	at org.jetbrains.kotlin.backend.jvm.codegen.FunctionCodegen.generate(FunctionCodegen.kt:58)
	... 41 more
Caused by: java.lang.IllegalStateException: couldn't find inline method Landroidx/compose/runtime/CompositionLocal;.getCurrent()Ljava/lang/Object;
	at org.jetbrains.kotlin.codegen.inline.SourceCompilerForInlineKt.getMethodNode(SourceCompilerForInline.kt:129)
	at org.jetbrains.kotlin.codegen.inline.SourceCompilerForInlineKt.loadCompiledInlineFunction$lambda$0(SourceCompilerForInline.kt:98)
	at org.jetbrains.kotlin.codegen.inline.InlineCache.computeMethodBytes(InlineCache.kt:90)
	at org.jetbrains.kotlin.codegen.inline.SourceCompilerForInlineKt.loadCompiledInlineFunction(SourceCompilerForInline.kt:93)
	at org.jetbrains.kotlin.backend.jvm.codegen.IrSourceCompilerForInline.compileInlineFunction(IrSourceCompilerForInline.kt:96)
	at org.jetbrains.kotlin.backend.jvm.codegen.IrInlineCodegen.genInlineCall(IrInlineCodegen.kt:68)
	... 55 more


